time,source,target,value,sensor_type,week,connection_type,opacity,connection_strength,movement_type
0,light_h0,light_h4,52.44,light,1,temporal,0.05,0.015,gentle_orbit
0,humidity_h0,humidity_h4,73.5,humidity,1,temporal,0.05,0.03,cautious_circle
0,nutrients_h0,nutrients_h4,22.44,nutrients,1,temporal,0.05,0.015,gentle_orbit
0,ph_h0,ph_h4,6.64,ph,1,temporal,0.05,0.015,gentle_orbit
4,light_h4,light_h8,69.63,light,1,temporal,0.05,0.03,cautious_circle
4,humidity_h4,humidity_h8,67.81,humidity,1,temporal,0.05,0.015,gentle_orbit
4,nutrients_h4,nutrients_h8,25.4,nutrients,1,temporal,0.05,0.015,gentle_orbit
4,ph_h4,ph_h8,6.67,ph,1,temporal,0.05,0.015,gentle_orbit
8,light_h8,light_h12,80.67,light,1,temporal,0.05,0.03,cautious_circle
8,humidity_h8,humidity_h12,52.45,humidity,1,temporal,0.05,0.015,gentle_orbit
8,nutrients_h8,nutrients_h12,23.55,nutrients,1,temporal,0.05,0.015,gentle_orbit
8,ph_h8,ph_h12,6.74,ph,1,temporal,0.05,0.015,gentle_orbit
12,light_h12,light_h16,46.83,light,1,temporal,0.05,0.015,gentle_orbit
12,humidity_h12,humidity_h16,43.26,humidity,1,temporal,0.05,0.03,cautious_circle
12,nutrients_h12,nutrients_h16,22.09,nutrients,1,temporal,0.05,0.015,gentle_orbit
12,ph_h12,ph_h16,6.66,ph,1,temporal,0.05,0.015,gentle_orbit
16,light_h16,light_h20,33.27,light,1,temporal,0.05,0.03,cautious_circle
16,humidity_h16,humidity_h20,56.76,humidity,1,temporal,0.05,0.015,gentle_orbit
16,nutrients_h16,nutrients_h20,23.03,nutrients,1,temporal,0.05,0.015,gentle_orbit
16,ph_h16,ph_h20,6.41,ph,1,temporal,0.05,0.015,gentle_orbit
20,light_h20,light_h24,26.79,light,1,temporal,0.05,0.03,cautious_circle
20,humidity_h20,humidity_h24,64.32,humidity,1,temporal,0.05,0.015,gentle_orbit
20,nutrients_h20,nutrients_h24,22.93,nutrients,1,temporal,0.05,0.015,gentle_orbit
20,ph_h20,ph_h24,6.57,ph,1,temporal,0.05,0.015,gentle_orbit
24,light_h24,light_h28,58.72,light,1,temporal,0.05,0.015,gentle_orbit
24,humidity_h24,humidity_h28,71.57,humidity,1,temporal,0.05,0.03,cautious_circle
24,nutrients_h24,nutrients_h28,27.59,nutrients,1,temporal,0.05,0.015,gentle_orbit
24,ph_h24,ph_h28,6.7,ph,1,temporal,0.05,0.015,gentle_orbit
28,light_h28,light_h32,76.38,light,1,temporal,0.05,0.03,cautious_circle
28,humidity_h28,humidity_h32,62.6,humidity,1,temporal,0.05,0.015,gentle_orbit
28,nutrients_h28,nutrients_h32,26.66,nutrients,1,temporal,0.05,0.015,gentle_orbit
28,ph_h28,ph_h32,6.63,ph,1,temporal,0.05,0.015,gentle_orbit
32,light_h32,light_h36,69.44,light,1,temporal,0.05,0.03,cautious_circle
32,humidity_h32,humidity_h36,50,humidity,1,temporal,0.05,0.03,cautious_circle
32,nutrients_h32,nutrients_h36,26.83,nutrients,1,temporal,0.05,0.015,gentle_orbit
32,ph_h32,ph_h36,6.28,ph,1,temporal,0.05,0.015,gentle_orbit
36,light_h36,light_h40,50.71,light,1,temporal,0.05,0.015,gentle_orbit
36,humidity_h36,humidity_h40,42.84,humidity,1,temporal,0.05,0.03,cautious_circle
36,nutrients_h36,nutrients_h40,26.76,nutrients,1,temporal,0.05,0.015,gentle_orbit
36,ph_h36,ph_h40,6.32,ph,1,temporal,0.05,0.015,gentle_orbit
40,light_h40,light_h44,32.2,light,1,temporal,0.05555555555555555,0.03333333333333333,cautious_circle
40,humidity_h40,humidity_h44,52.74,humidity,1,temporal,0.05555555555555555,0.016666666666666666,gentle_orbit
40,nutrients_h40,nutrients_h44,26.69,nutrients,1,temporal,0.05555555555555555,0.016666666666666666,gentle_orbit
40,ph_h40,ph_h44,6.23,ph,1,temporal,0.05555555555555555,0.016666666666666666,gentle_orbit
44,light_h44,light_h48,24.67,light,1,temporal,0.06111111111111111,0.03666666666666667,cautious_circle
44,humidity_h44,humidity_h48,62.42,humidity,1,temporal,0.06111111111111111,0.018333333333333333,gentle_orbit
44,nutrients_h44,nutrients_h48,22.73,nutrients,1,temporal,0.06111111111111111,0.018333333333333333,gentle_orbit
44,ph_h44,ph_h48,6.24,ph,1,temporal,0.06111111111111111,0.018333333333333333,gentle_orbit
48,light_h48,light_h52,61.01,light,1,temporal,0.06666666666666667,0.02,gentle_orbit
48,humidity_h48,humidity_h52,77.65,humidity,1,temporal,0.06666666666666667,0.04,cautious_circle
48,nutrients_h48,nutrients_h52,24.85,nutrients,1,temporal,0.06666666666666667,0.02,gentle_orbit
48,ph_h48,ph_h52,6.43,ph,1,temporal,0.06666666666666667,0.02,gentle_orbit
52,light_h52,light_h56,77.39,light,1,temporal,0.07222222222222222,0.04333333333333333,cautious_circle
52,humidity_h52,humidity_h56,64.65,humidity,1,temporal,0.07222222222222222,0.021666666666666664,gentle_orbit
52,nutrients_h52,nutrients_h56,27.62,nutrients,1,temporal,0.07222222222222222,0.021666666666666664,gentle_orbit
52,ph_h52,ph_h56,6.76,ph,1,temporal,0.07222222222222222,0.021666666666666664,gentle_orbit
56,light_h56,light_h60,70.15,light,1,temporal,0.07777777777777778,0.04666666666666667,cautious_circle
56,humidity_h56,humidity_h60,50.43,humidity,1,temporal,0.07777777777777778,0.04666666666666667,cautious_circle
56,nutrients_h56,nutrients_h60,26.58,nutrients,1,temporal,0.07777777777777778,0.023333333333333334,gentle_orbit
56,ph_h56,ph_h60,6.76,ph,1,temporal,0.07777777777777778,0.023333333333333334,gentle_orbit
60,light_h60,light_h64,61.83,light,1,temporal,0.08333333333333333,0.024999999999999998,gentle_orbit
60,humidity_h60,humidity_h64,44.32,humidity,1,temporal,0.08333333333333333,0.049999999999999996,cautious_circle
60,nutrients_h60,nutrients_h64,27.78,nutrients,1,temporal,0.08333333333333333,0.024999999999999998,gentle_orbit
60,ph_h60,ph_h64,6.54,ph,1,temporal,0.08333333333333333,0.024999999999999998,gentle_orbit
64,light_h64,light_h68,34.42,light,1,temporal,0.08888888888888889,0.05333333333333334,cautious_circle
64,humidity_h64,humidity_h68,53.69,humidity,1,temporal,0.08888888888888889,0.02666666666666667,gentle_orbit
64,nutrients_h64,nutrients_h68,26.22,nutrients,1,temporal,0.08888888888888889,0.02666666666666667,gentle_orbit
64,ph_h64,ph_h68,6.32,ph,1,temporal,0.08888888888888889,0.02666666666666667,gentle_orbit
68,light_h68,light_h72,35.98,light,1,temporal,0.09444444444444444,0.056666666666666664,cautious_circle
68,humidity_h68,humidity_h72,63.84,humidity,1,temporal,0.09444444444444444,0.028333333333333332,gentle_orbit
68,nutrients_h68,nutrients_h72,22.02,nutrients,1,temporal,0.09444444444444444,0.028333333333333332,gentle_orbit
68,ph_h68,ph_h72,6.67,ph,1,temporal,0.09444444444444444,0.028333333333333332,gentle_orbit
72,light_h72,light_h76,60.01,light,1,temporal,0.1,0.03,gentle_orbit
72,humidity_h72,humidity_h76,67.41,humidity,1,temporal,0.1,0.03,gentle_orbit
72,nutrients_h72,nutrients_h76,23.71,nutrients,1,temporal,0.1,0.03,gentle_orbit
72,ph_h72,ph_h76,6.31,ph,1,temporal,0.1,0.03,gentle_orbit
76,light_h76,light_h80,79.39,light,1,temporal,0.10555555555555556,0.06333333333333332,cautious_circle
76,humidity_h76,humidity_h80,63.09,humidity,1,temporal,0.10555555555555556,0.03166666666666666,gentle_orbit
76,nutrients_h76,nutrients_h80,26.3,nutrients,1,temporal,0.10555555555555556,0.03166666666666666,gentle_orbit
76,ph_h76,ph_h80,6.54,ph,1,temporal,0.10555555555555556,0.03166666666666666,gentle_orbit
80,light_h80,light_h84,79.49,light,1,temporal,0.1111111111111111,0.06666666666666667,cautious_circle
80,humidity_h80,humidity_h84,52.28,humidity,1,temporal,0.1111111111111111,0.03333333333333333,gentle_orbit
80,nutrients_h80,nutrients_h84,23.31,nutrients,1,temporal,0.1111111111111111,0.03333333333333333,gentle_orbit
80,ph_h80,ph_h84,6.71,ph,1,temporal,0.1111111111111111,0.03333333333333333,gentle_orbit
84,light_h84,light_h88,49.57,light,1,temporal,0.11666666666666667,0.034999999999999996,gentle_orbit
84,humidity_h84,humidity_h88,49.61,humidity,1,temporal,0.11666666666666667,0.06999999999999999,cautious_circle
84,nutrients_h84,nutrients_h88,28,nutrients,1,temporal,0.11666666666666667,0.034999999999999996,gentle_orbit
84,ph_h84,ph_h88,6.75,ph,1,temporal,0.11666666666666667,0.034999999999999996,gentle_orbit
88,light_h88,light_h92,28.18,light,1,temporal,0.12222222222222222,0.07333333333333333,cautious_circle
88,humidity_h88,humidity_h92,53.39,humidity,1,temporal,0.12222222222222222,0.03666666666666667,gentle_orbit
88,nutrients_h88,nutrients_h92,24.42,nutrients,1,temporal,0.12222222222222222,0.03666666666666667,gentle_orbit
88,ph_h88,ph_h92,6.53,ph,1,temporal,0.12222222222222222,0.03666666666666667,gentle_orbit
92,light_h92,light_h96,25.71,light,1,temporal,0.12777777777777777,0.07666666666666666,cautious_circle
92,humidity_h92,humidity_h96,68.38,humidity,1,temporal,0.12777777777777777,0.03833333333333333,gentle_orbit
92,nutrients_h92,nutrients_h96,26.53,nutrients,1,temporal,0.12777777777777777,0.03833333333333333,gentle_orbit
92,ph_h92,ph_h96,6.62,ph,1,temporal,0.12777777777777777,0.03833333333333333,gentle_orbit
96,light_h96,light_h100,62.37,light,1,temporal,0.13333333333333333,0.04,gentle_orbit
96,humidity_h96,humidity_h100,71.52,humidity,1,temporal,0.13333333333333333,0.08,cautious_circle
96,nutrients_h96,nutrients_h100,22.78,nutrients,1,temporal,0.13333333333333333,0.04,gentle_orbit
96,ph_h96,ph_h100,6.65,ph,1,temporal,0.13333333333333333,0.04,gentle_orbit
100,light_h100,light_h104,69.12,light,1,temporal,0.1388888888888889,0.08333333333333333,cautious_circle
100,humidity_h100,humidity_h104,71.18,humidity,1,temporal,0.1388888888888889,0.08333333333333333,cautious_circle
100,nutrients_h100,nutrients_h104,25.36,nutrients,1,temporal,0.1388888888888889,0.041666666666666664,gentle_orbit
100,ph_h100,ph_h104,6.79,ph,1,temporal,0.1388888888888889,0.041666666666666664,gentle_orbit
104,light_h104,light_h108,69.33,light,1,temporal,0.14444444444444443,0.08666666666666666,cautious_circle
104,humidity_h104,humidity_h108,55.8,humidity,1,temporal,0.14444444444444443,0.04333333333333333,gentle_orbit
104,nutrients_h104,nutrients_h108,26.89,nutrients,1,temporal,0.14444444444444443,0.04333333333333333,gentle_orbit
104,ph_h104,ph_h108,6.52,ph,1,temporal,0.14444444444444443,0.04333333333333333,gentle_orbit
108,light_h108,light_h112,59.36,light,1,temporal,0.15,0.045,gentle_orbit
108,humidity_h108,humidity_h112,49.88,humidity,1,temporal,0.15,0.09,cautious_circle
108,nutrients_h108,nutrients_h112,27.83,nutrients,1,temporal,0.15,0.045,gentle_orbit
108,ph_h108,ph_h112,6.56,ph,1,temporal,0.15,0.045,gentle_orbit
112,light_h112,light_h116,29.41,light,1,temporal,0.15555555555555556,0.09333333333333334,cautious_circle
112,humidity_h112,humidity_h116,52.11,humidity,1,temporal,0.15555555555555556,0.04666666666666667,gentle_orbit
112,nutrients_h112,nutrients_h116,25.94,nutrients,1,temporal,0.15555555555555556,0.04666666666666667,gentle_orbit
112,ph_h112,ph_h116,6.7,ph,1,temporal,0.15555555555555556,0.04666666666666667,gentle_orbit
116,light_h116,light_h120,33.06,light,1,temporal,0.16111111111111112,0.09666666666666666,cautious_circle
116,humidity_h116,humidity_h120,60.61,humidity,1,temporal,0.16111111111111112,0.04833333333333333,gentle_orbit
116,nutrients_h116,nutrients_h120,27.19,nutrients,1,temporal,0.16111111111111112,0.04833333333333333,gentle_orbit
116,ph_h116,ph_h120,6.27,ph,1,temporal,0.16111111111111112,0.04833333333333333,gentle_orbit
120,light_h120,light_h124,59.29,light,1,temporal,0.16666666666666666,0.049999999999999996,gentle_orbit
120,humidity_h120,humidity_h124,75.64,humidity,1,temporal,0.16666666666666666,0.09999999999999999,cautious_circle
120,nutrients_h120,nutrients_h124,26.5,nutrients,1,temporal,0.16666666666666666,0.049999999999999996,gentle_orbit
120,ph_h120,ph_h124,6.42,ph,1,temporal,0.16666666666666666,0.049999999999999996,gentle_orbit
124,light_h124,light_h128,81.75,light,1,temporal,0.17222222222222222,0.10333333333333333,cautious_circle
124,humidity_h124,humidity_h128,68.95,humidity,1,temporal,0.17222222222222222,0.051666666666666666,gentle_orbit
124,nutrients_h124,nutrients_h128,24.55,nutrients,1,temporal,0.17222222222222222,0.051666666666666666,gentle_orbit
124,ph_h124,ph_h128,6.49,ph,1,temporal,0.17222222222222222,0.051666666666666666,gentle_orbit
128,light_h128,light_h132,73.07,light,1,temporal,0.17777777777777778,0.10666666666666667,cautious_circle
128,humidity_h128,humidity_h132,53.48,humidity,1,temporal,0.17777777777777778,0.05333333333333334,gentle_orbit
128,nutrients_h128,nutrients_h132,25.11,nutrients,1,temporal,0.17777777777777778,0.05333333333333334,gentle_orbit
128,ph_h128,ph_h132,6.31,ph,1,temporal,0.17777777777777778,0.05333333333333334,gentle_orbit
132,light_h132,light_h136,53.18,light,1,temporal,0.18333333333333332,0.05499999999999999,gentle_orbit
132,humidity_h132,humidity_h136,50.78,humidity,1,temporal,0.18333333333333332,0.10999999999999999,cautious_circle
132,nutrients_h132,nutrients_h136,23.33,nutrients,1,temporal,0.18333333333333332,0.05499999999999999,gentle_orbit
132,ph_h132,ph_h136,6.25,ph,1,temporal,0.18333333333333332,0.05499999999999999,gentle_orbit
136,light_h136,light_h140,35.94,light,1,temporal,0.18888888888888888,0.11333333333333333,cautious_circle
136,humidity_h136,humidity_h140,54.44,humidity,1,temporal,0.18888888888888888,0.056666666666666664,gentle_orbit
136,nutrients_h136,nutrients_h140,25.68,nutrients,1,temporal,0.18888888888888888,0.056666666666666664,gentle_orbit
136,ph_h136,ph_h140,6.66,ph,1,temporal,0.18888888888888888,0.056666666666666664,gentle_orbit
140,light_h140,light_h144,40.16,light,1,temporal,0.19444444444444445,0.11666666666666667,cautious_circle
140,humidity_h140,humidity_h144,61.92,humidity,1,temporal,0.19444444444444445,0.058333333333333334,gentle_orbit
140,nutrients_h140,nutrients_h144,24.18,nutrients,1,temporal,0.19444444444444445,0.058333333333333334,gentle_orbit
140,ph_h140,ph_h144,6.3,ph,1,temporal,0.19444444444444445,0.058333333333333334,gentle_orbit
144,light_h144,light_h148,62.34,light,1,temporal,0.2,0.06,gentle_orbit
144,humidity_h144,humidity_h148,74.74,humidity,1,temporal,0.2,0.12,cautious_circle
144,nutrients_h144,nutrients_h148,23.98,nutrients,1,temporal,0.2,0.06,gentle_orbit
144,ph_h144,ph_h148,6.78,ph,1,temporal,0.2,0.06,gentle_orbit
148,light_h148,light_h152,72.47,light,1,temporal,0.20555555555555555,0.12333333333333332,cautious_circle
148,humidity_h148,humidity_h152,60.62,humidity,1,temporal,0.20555555555555555,0.06166666666666666,gentle_orbit
148,nutrients_h148,nutrients_h152,26.97,nutrients,1,temporal,0.20555555555555555,0.06166666666666666,gentle_orbit
148,ph_h148,ph_h152,6.59,ph,1,temporal,0.20555555555555555,0.06166666666666666,gentle_orbit
152,light_h152,light_h156,80.42,light,1,temporal,0.2111111111111111,0.12666666666666665,cautious_circle
152,humidity_h152,humidity_h156,52.06,humidity,1,temporal,0.2111111111111111,0.06333333333333332,gentle_orbit
152,nutrients_h152,nutrients_h156,27.62,nutrients,1,temporal,0.2111111111111111,0.06333333333333332,gentle_orbit
152,ph_h152,ph_h156,6.22,ph,1,temporal,0.2111111111111111,0.06333333333333332,gentle_orbit
156,light_h156,light_h160,53.95,light,1,temporal,0.21666666666666667,0.065,gentle_orbit
156,humidity_h156,humidity_h160,42.72,humidity,1,temporal,0.21666666666666667,0.13,cautious_circle
156,nutrients_h156,nutrients_h160,27.54,nutrients,1,temporal,0.21666666666666667,0.065,gentle_orbit
156,ph_h156,ph_h160,6.4,ph,1,temporal,0.21666666666666667,0.065,gentle_orbit
160,light_h160,light_h164,28.3,light,1,temporal,0.2222222222222222,0.13333333333333333,cautious_circle
160,humidity_h160,humidity_h164,53.16,humidity,1,temporal,0.2222222222222222,0.06666666666666667,gentle_orbit
160,nutrients_h160,nutrients_h164,25.09,nutrients,1,temporal,0.2222222222222222,0.06666666666666667,gentle_orbit
160,ph_h160,ph_h164,6.71,ph,1,temporal,0.2222222222222222,0.06666666666666667,gentle_orbit
164,light_h164,light_h168,35.15,light,1,temporal,0.22777777777777777,0.13666666666666666,cautious_circle
164,humidity_h164,humidity_h168,65.28,humidity,1,temporal,0.22777777777777777,0.06833333333333333,gentle_orbit
164,nutrients_h164,nutrients_h168,24.27,nutrients,1,temporal,0.22777777777777777,0.06833333333333333,gentle_orbit
164,ph_h164,ph_h168,6.68,ph,1,temporal,0.22777777777777777,0.06833333333333333,gentle_orbit
168,light_h168,light_h172,55.75,light,2,temporal,0.3833333333333333,0.11499999999999999,gentle_orbit
168,humidity_h168,humidity_h172,116.91,humidity,2,temporal,0.3833333333333333,0.9583333333333333,erratic_panic
168,nutrients_h168,nutrients_h172,8.26,nutrients,2,temporal,0.3833333333333333,0.22999999999999998,cautious_circle
168,ph_h168,ph_h172,8.96,ph,2,temporal,0.3833333333333333,0.22999999999999998,cautious_circle
172,light_h172,light_h176,69.75,light,2,temporal,0.3888888888888889,0.23333333333333334,cautious_circle
172,humidity_h172,humidity_h176,120.33,humidity,2,temporal,0.3888888888888889,0.9722222222222222,erratic_panic
172,nutrients_h172,nutrients_h176,6.29,nutrients,2,temporal,0.3888888888888889,0.9722222222222222,erratic_panic
172,ph_h172,ph_h176,8.4,ph,2,temporal,0.3888888888888889,0.23333333333333334,cautious_circle
172,humidity_h172,nutrients_h172,1.2230555555555556,cross_sensor,2,crisis_link,0.3888888888888889,1.2230555555555556,erratic_panic_crisis_link
176,light_h176,light_h180,76.79,light,2,temporal,0.39444444444444443,0.23666666666666664,cautious_circle
176,humidity_h176,humidity_h180,119.69,humidity,2,temporal,0.39444444444444443,0.986111111111111,erratic_panic
176,nutrients_h176,nutrients_h180,4.6,nutrients,2,temporal,0.39444444444444443,0.986111111111111,erratic_panic
176,ph_h176,ph_h180,8.22,ph,2,temporal,0.39444444444444443,0.23666666666666664,cautious_circle
176,humidity_h176,nutrients_h176,0.9072222222222222,cross_sensor,2,crisis_link,0.39444444444444443,0.9072222222222222,erratic_panic_crisis_link
180,light_h180,light_h184,61.21,light,2,temporal,0.4,0.12,gentle_orbit
180,humidity_h180,humidity_h184,103.43,humidity,2,temporal,0.4,1,erratic_panic
180,nutrients_h180,nutrients_h184,7.95,nutrients,2,temporal,0.4,1,erratic_panic
180,ph_h180,ph_h184,8.71,ph,2,temporal,0.4,0.24,cautious_circle
180,humidity_h180,nutrients_h180,1.59,cross_sensor,2,crisis_link,0.4,1.59,erratic_panic_crisis_link
184,light_h184,light_h188,25.58,light,2,temporal,0.40555555555555556,0.24333333333333332,cautious_circle
184,humidity_h184,humidity_h188,96.7,humidity,2,temporal,0.40555555555555556,0.24333333333333332,cautious_circle
184,nutrients_h184,nutrients_h188,9.26,nutrients,2,temporal,0.40555555555555556,0.24333333333333332,cautious_circle
184,ph_h184,ph_h188,8.79,ph,2,temporal,0.40555555555555556,0.24333333333333332,cautious_circle
188,light_h188,light_h192,31.8,light,2,temporal,0.4111111111111111,0.24666666666666665,cautious_circle
188,humidity_h188,humidity_h192,108.23,humidity,2,temporal,0.4111111111111111,1.0277777777777777,erratic_panic
188,nutrients_h188,nutrients_h192,5.64,nutrients,2,temporal,0.4111111111111111,1.0277777777777777,erratic_panic
188,ph_h188,ph_h192,8.52,ph,2,temporal,0.4111111111111111,0.24666666666666665,cautious_circle
188,humidity_h188,nutrients_h188,1.1593333333333333,cross_sensor,2,crisis_link,0.4111111111111111,1.1593333333333333,erratic_panic_crisis_link
192,light_h192,light_h196,46.7,light,2,temporal,0.41666666666666663,0.24999999999999997,cautious_circle
192,humidity_h192,humidity_h196,122.12,humidity,2,temporal,0.41666666666666663,1.0416666666666665,erratic_panic
192,nutrients_h192,nutrients_h196,6.12,nutrients,2,temporal,0.41666666666666663,1.0416666666666665,erratic_panic
192,ph_h192,ph_h196,9.21,ph,2,temporal,0.41666666666666663,1.0416666666666665,erratic_panic
192,humidity_h192,nutrients_h192,1.275,cross_sensor,2,crisis_link,0.41666666666666663,1.275,erratic_panic_crisis_link
192,ph_h192,nutrients_h192,1.275,cross_sensor,2,crisis_link,0.41666666666666663,1.275,erratic_panic_crisis_link
196,light_h196,light_h200,81.44,light,2,temporal,0.42222222222222217,0.2533333333333333,cautious_circle
196,humidity_h196,humidity_h200,102.81,humidity,2,temporal,0.42222222222222217,1.0555555555555554,erratic_panic
196,nutrients_h196,nutrients_h200,6.37,nutrients,2,temporal,0.42222222222222217,1.0555555555555554,erratic_panic
196,ph_h196,ph_h200,8.94,ph,2,temporal,0.42222222222222217,0.2533333333333333,cautious_circle
196,humidity_h196,nutrients_h196,1.3447777777777776,cross_sensor,2,crisis_link,0.42222222222222217,1.3447777777777776,erratic_panic_crisis_link
200,light_h200,light_h204,79.08,light,2,temporal,0.4277777777777778,0.25666666666666665,cautious_circle
200,humidity_h200,humidity_h204,98.86,humidity,2,temporal,0.4277777777777778,1.0694444444444446,erratic_panic
200,nutrients_h200,nutrients_h204,6.21,nutrients,2,temporal,0.4277777777777778,1.0694444444444446,erratic_panic
200,ph_h200,ph_h204,8.79,ph,2,temporal,0.4277777777777778,0.25666666666666665,cautious_circle
200,humidity_h200,nutrients_h200,1.3282500000000002,cross_sensor,2,crisis_link,0.4277777777777778,1.3282500000000002,erratic_panic_crisis_link
204,light_h204,light_h208,48.27,light,2,temporal,0.43333333333333335,0.13,gentle_orbit
204,humidity_h204,humidity_h208,120.89,humidity,2,temporal,0.43333333333333335,1.0833333333333335,erratic_panic
204,nutrients_h204,nutrients_h208,8.65,nutrients,2,temporal,0.43333333333333335,0.26,cautious_circle
204,ph_h204,ph_h208,9.02,ph,2,temporal,0.43333333333333335,0.26,cautious_circle
208,light_h208,light_h212,37.29,light,2,temporal,0.4388888888888889,0.2633333333333333,cautious_circle
208,humidity_h208,humidity_h212,124.78,humidity,2,temporal,0.4388888888888889,1.0972222222222223,erratic_panic
208,nutrients_h208,nutrients_h212,4.68,nutrients,2,temporal,0.4388888888888889,1.0972222222222223,erratic_panic
208,ph_h208,ph_h212,9.11,ph,2,temporal,0.4388888888888889,1.0972222222222223,erratic_panic
208,humidity_h208,nutrients_h208,1.027,cross_sensor,2,crisis_link,0.4388888888888889,1.027,erratic_panic_crisis_link
208,ph_h208,nutrients_h208,1.027,cross_sensor,2,crisis_link,0.4388888888888889,1.027,erratic_panic_crisis_link
212,light_h212,light_h216,27.53,light,2,temporal,0.4444444444444444,0.26666666666666666,cautious_circle
212,humidity_h212,humidity_h216,121.88,humidity,2,temporal,0.4444444444444444,1.1111111111111112,erratic_panic
212,nutrients_h212,nutrients_h216,6.37,nutrients,2,temporal,0.4444444444444444,1.1111111111111112,erratic_panic
212,ph_h212,ph_h216,8.67,ph,2,temporal,0.4444444444444444,0.26666666666666666,cautious_circle
212,humidity_h212,nutrients_h212,1.4155555555555555,cross_sensor,2,crisis_link,0.4444444444444444,1.4155555555555555,erratic_panic_crisis_link
216,light_h216,light_h220,57.3,light,2,temporal,0.44999999999999996,0.13499999999999998,gentle_orbit
216,humidity_h216,humidity_h220,121.06,humidity,2,temporal,0.44999999999999996,1.125,erratic_panic
216,nutrients_h216,nutrients_h220,8.19,nutrients,2,temporal,0.44999999999999996,0.26999999999999996,cautious_circle
216,ph_h216,ph_h220,9.22,ph,2,temporal,0.44999999999999996,1.125,erratic_panic
220,light_h220,light_h224,69.71,light,2,temporal,0.4555555555555556,0.2733333333333334,cautious_circle
220,humidity_h220,humidity_h224,99.16,humidity,2,temporal,0.4555555555555556,1.138888888888889,erratic_panic
220,nutrients_h220,nutrients_h224,9.23,nutrients,2,temporal,0.4555555555555556,0.2733333333333334,cautious_circle
220,ph_h220,ph_h224,8.62,ph,2,temporal,0.4555555555555556,0.2733333333333334,cautious_circle
224,light_h224,light_h228,83.4,light,2,temporal,0.46111111111111114,0.27666666666666667,cautious_circle
224,humidity_h224,humidity_h228,95.49,humidity,2,temporal,0.46111111111111114,0.27666666666666667,cautious_circle
224,nutrients_h224,nutrients_h228,7.93,nutrients,2,temporal,0.46111111111111114,1.152777777777778,erratic_panic
224,ph_h224,ph_h228,9.28,ph,2,temporal,0.46111111111111114,1.152777777777778,erratic_panic
224,ph_h224,nutrients_h224,1.8283055555555556,cross_sensor,2,crisis_link,0.46111111111111114,1.8283055555555556,erratic_panic_crisis_link
228,light_h228,light_h232,58.78,light,2,temporal,0.4666666666666667,0.13999999999999999,gentle_orbit
228,humidity_h228,humidity_h232,99.58,humidity,2,temporal,0.4666666666666667,1.1666666666666667,erratic_panic
228,nutrients_h228,nutrients_h232,9.32,nutrients,2,temporal,0.4666666666666667,0.27999999999999997,cautious_circle
228,ph_h228,ph_h232,8.21,ph,2,temporal,0.4666666666666667,0.27999999999999997,cautious_circle
232,light_h232,light_h236,30.18,light,2,temporal,0.4722222222222222,0.2833333333333333,cautious_circle
232,humidity_h232,humidity_h236,97.13,humidity,2,temporal,0.4722222222222222,0.2833333333333333,cautious_circle
232,nutrients_h232,nutrients_h236,6.9,nutrients,2,temporal,0.4722222222222222,1.1805555555555556,erratic_panic
232,ph_h232,ph_h236,8.89,ph,2,temporal,0.4722222222222222,0.2833333333333333,cautious_circle
236,light_h236,light_h240,40.28,light,2,temporal,0.47777777777777775,0.2866666666666666,cautious_circle
236,humidity_h236,humidity_h240,123.31,humidity,2,temporal,0.47777777777777775,1.1944444444444444,erratic_panic
236,nutrients_h236,nutrients_h240,6.2,nutrients,2,temporal,0.47777777777777775,1.1944444444444444,erratic_panic
236,ph_h236,ph_h240,9.12,ph,2,temporal,0.47777777777777775,1.1944444444444444,erratic_panic
236,humidity_h236,nutrients_h236,1.481111111111111,cross_sensor,2,crisis_link,0.47777777777777775,1.481111111111111,erratic_panic_crisis_link
236,ph_h236,nutrients_h236,1.481111111111111,cross_sensor,2,crisis_link,0.47777777777777775,1.481111111111111,erratic_panic_crisis_link
240,light_h240,light_h244,60.85,light,2,temporal,0.4833333333333333,0.145,gentle_orbit
240,humidity_h240,humidity_h244,102.04,humidity,2,temporal,0.4833333333333333,1.2083333333333333,erratic_panic
240,nutrients_h240,nutrients_h244,8.05,nutrients,2,temporal,0.4833333333333333,0.29,cautious_circle
240,ph_h240,ph_h244,9.42,ph,2,temporal,0.4833333333333333,1.2083333333333333,erratic_panic
244,light_h244,light_h248,78.94,light,2,temporal,0.48888888888888893,0.29333333333333333,cautious_circle
244,humidity_h244,humidity_h248,117.89,humidity,2,temporal,0.48888888888888893,1.2222222222222223,erratic_panic
244,nutrients_h244,nutrients_h248,9.66,nutrients,2,temporal,0.48888888888888893,0.29333333333333333,cautious_circle
244,ph_h244,ph_h248,9.2,ph,2,temporal,0.48888888888888893,1.2222222222222223,erratic_panic
248,light_h248,light_h252,84.11,light,2,temporal,0.49444444444444446,0.2966666666666667,cautious_circle
248,humidity_h248,humidity_h252,124.59,humidity,2,temporal,0.49444444444444446,1.2361111111111112,erratic_panic
248,nutrients_h248,nutrients_h252,10,nutrients,2,temporal,0.49444444444444446,0.2966666666666667,cautious_circle
248,ph_h248,ph_h252,8.74,ph,2,temporal,0.49444444444444446,0.2966666666666667,cautious_circle
252,light_h252,light_h256,49.99,light,2,temporal,0.5,0.15,gentle_orbit
252,humidity_h252,humidity_h256,97.11,humidity,2,temporal,0.5,0.3,cautious_circle
252,nutrients_h252,nutrients_h256,9.69,nutrients,2,temporal,0.5,0.3,cautious_circle
252,ph_h252,ph_h256,8.42,ph,2,temporal,0.5,0.3,cautious_circle
256,light_h256,light_h260,39.97,light,2,temporal,0.5055555555555555,0.3033333333333333,cautious_circle
256,humidity_h256,humidity_h260,97.96,humidity,2,temporal,0.5055555555555555,0.3033333333333333,cautious_circle
256,nutrients_h256,nutrients_h260,6.73,nutrients,2,temporal,0.5055555555555555,1.2638888888888888,erratic_panic
256,ph_h256,ph_h260,8.78,ph,2,temporal,0.5055555555555555,0.3033333333333333,cautious_circle
260,light_h260,light_h264,24.91,light,2,temporal,0.5111111111111111,0.30666666666666664,cautious_circle
260,humidity_h260,humidity_h264,113.91,humidity,2,temporal,0.5111111111111111,1.2777777777777777,erratic_panic
260,nutrients_h260,nutrients_h264,9.72,nutrients,2,temporal,0.5111111111111111,0.30666666666666664,cautious_circle
260,ph_h260,ph_h264,8.61,ph,2,temporal,0.5111111111111111,0.30666666666666664,cautious_circle
264,light_h264,light_h268,63.02,light,2,temporal,0.5166666666666666,0.15499999999999997,gentle_orbit
264,humidity_h264,humidity_h268,99.25,humidity,2,temporal,0.5166666666666666,1.2916666666666665,erratic_panic
264,nutrients_h264,nutrients_h268,7.53,nutrients,2,temporal,0.5166666666666666,1.2916666666666665,erratic_panic
264,ph_h264,ph_h268,9.36,ph,2,temporal,0.5166666666666666,1.2916666666666665,erratic_panic
264,humidity_h264,nutrients_h264,1.94525,cross_sensor,2,crisis_link,0.5166666666666666,1.94525,erratic_panic_crisis_link
264,ph_h264,nutrients_h264,1.94525,cross_sensor,2,crisis_link,0.5166666666666666,1.94525,erratic_panic_crisis_link
268,light_h268,light_h272,84.29,light,2,temporal,0.5222222222222223,0.31333333333333335,cautious_circle
268,humidity_h268,humidity_h272,124.18,humidity,2,temporal,0.5222222222222223,1.3055555555555556,erratic_panic
268,nutrients_h268,nutrients_h272,5.42,nutrients,2,temporal,0.5222222222222223,1.3055555555555556,erratic_panic
268,ph_h268,ph_h272,8.26,ph,2,temporal,0.5222222222222223,0.31333333333333335,cautious_circle
268,humidity_h268,nutrients_h268,1.4152222222222224,cross_sensor,2,crisis_link,0.5222222222222223,1.4152222222222224,erratic_panic_crisis_link
272,light_h272,light_h276,78.36,light,2,temporal,0.5277777777777778,0.31666666666666665,cautious_circle
272,humidity_h272,humidity_h276,98.51,humidity,2,temporal,0.5277777777777778,1.3194444444444444,erratic_panic
272,nutrients_h272,nutrients_h276,5.72,nutrients,2,temporal,0.5277777777777778,1.3194444444444444,erratic_panic
272,ph_h272,ph_h276,9.49,ph,2,temporal,0.5277777777777778,1.3194444444444444,erratic_panic
272,humidity_h272,nutrients_h272,1.5094444444444444,cross_sensor,2,crisis_link,0.5277777777777778,1.5094444444444444,erratic_panic_crisis_link
272,ph_h272,nutrients_h272,1.5094444444444444,cross_sensor,2,crisis_link,0.5277777777777778,1.5094444444444444,erratic_panic_crisis_link
276,light_h276,light_h280,57.45,light,2,temporal,0.5333333333333333,0.16,gentle_orbit
276,humidity_h276,humidity_h280,115.31,humidity,2,temporal,0.5333333333333333,1.3333333333333333,erratic_panic
276,nutrients_h276,nutrients_h280,7.82,nutrients,2,temporal,0.5333333333333333,1.3333333333333333,erratic_panic
276,ph_h276,ph_h280,9.42,ph,2,temporal,0.5333333333333333,1.3333333333333333,erratic_panic
276,humidity_h276,nutrients_h276,2.0853333333333333,cross_sensor,2,crisis_link,0.5333333333333333,2.0853333333333333,erratic_panic_crisis_link
276,ph_h276,nutrients_h276,2.0853333333333333,cross_sensor,2,crisis_link,0.5333333333333333,2.0853333333333333,erratic_panic_crisis_link
280,light_h280,light_h284,25.3,light,2,temporal,0.5388888888888889,0.3233333333333333,cautious_circle
280,humidity_h280,humidity_h284,117.76,humidity,2,temporal,0.5388888888888889,1.347222222222222,erratic_panic
280,nutrients_h280,nutrients_h284,5.33,nutrients,2,temporal,0.5388888888888889,1.347222222222222,erratic_panic
280,ph_h280,ph_h284,8.96,ph,2,temporal,0.5388888888888889,0.3233333333333333,cautious_circle
280,humidity_h280,nutrients_h280,1.4361388888888889,cross_sensor,2,crisis_link,0.5388888888888889,1.4361388888888889,erratic_panic_crisis_link
284,light_h284,light_h288,38.82,light,2,temporal,0.5444444444444444,0.3266666666666666,cautious_circle
284,humidity_h284,humidity_h288,101.82,humidity,2,temporal,0.5444444444444444,1.361111111111111,erratic_panic
284,nutrients_h284,nutrients_h288,6.17,nutrients,2,temporal,0.5444444444444444,1.361111111111111,erratic_panic
284,ph_h284,ph_h288,8.27,ph,2,temporal,0.5444444444444444,0.3266666666666666,cautious_circle
284,humidity_h284,nutrients_h284,1.679611111111111,cross_sensor,2,crisis_link,0.5444444444444444,1.679611111111111,erratic_panic_crisis_link
288,light_h288,light_h292,60.15,light,2,temporal,0.55,0.165,gentle_orbit
288,humidity_h288,humidity_h292,117.08,humidity,2,temporal,0.55,1.375,erratic_panic
288,nutrients_h288,nutrients_h292,5.94,nutrients,2,temporal,0.55,1.375,erratic_panic
288,ph_h288,ph_h292,8.43,ph,2,temporal,0.55,0.33,cautious_circle
288,humidity_h288,nutrients_h288,1.6335000000000002,cross_sensor,2,crisis_link,0.55,1.6335000000000002,erratic_panic_crisis_link
292,light_h292,light_h296,79.97,light,2,temporal,0.5555555555555556,0.3333333333333333,cautious_circle
292,humidity_h292,humidity_h296,112.75,humidity,2,temporal,0.5555555555555556,1.3888888888888888,erratic_panic
292,nutrients_h292,nutrients_h296,4.38,nutrients,2,temporal,0.5555555555555556,1.3888888888888888,erratic_panic
292,ph_h292,ph_h296,8.96,ph,2,temporal,0.5555555555555556,0.3333333333333333,cautious_circle
292,humidity_h292,nutrients_h292,1.2166666666666668,cross_sensor,2,crisis_link,0.5555555555555556,1.2166666666666668,erratic_panic_crisis_link
296,light_h296,light_h300,68.32,light,2,temporal,0.5611111111111111,0.33666666666666667,cautious_circle
296,humidity_h296,humidity_h300,114.3,humidity,2,temporal,0.5611111111111111,1.4027777777777777,erratic_panic
296,nutrients_h296,nutrients_h300,5.17,nutrients,2,temporal,0.5611111111111111,1.4027777777777777,erratic_panic
296,ph_h296,ph_h300,9.02,ph,2,temporal,0.5611111111111111,0.33666666666666667,cautious_circle
296,humidity_h296,nutrients_h296,1.4504722222222222,cross_sensor,2,crisis_link,0.5611111111111111,1.4504722222222222,erratic_panic_crisis_link
300,light_h300,light_h304,53.21,light,2,temporal,0.5666666666666667,0.16999999999999998,gentle_orbit
300,humidity_h300,humidity_h304,120.41,humidity,2,temporal,0.5666666666666667,1.4166666666666665,erratic_panic
300,nutrients_h300,nutrients_h304,9.36,nutrients,2,temporal,0.5666666666666667,0.33999999999999997,cautious_circle
300,ph_h300,ph_h304,8.29,ph,2,temporal,0.5666666666666667,0.33999999999999997,cautious_circle
304,light_h304,light_h308,31.23,light,2,temporal,0.5722222222222222,0.3433333333333333,cautious_circle
304,humidity_h304,humidity_h308,110.01,humidity,2,temporal,0.5722222222222222,1.4305555555555554,erratic_panic
304,nutrients_h304,nutrients_h308,4.66,nutrients,2,temporal,0.5722222222222222,1.4305555555555554,erratic_panic
304,ph_h304,ph_h308,8.58,ph,2,temporal,0.5722222222222222,0.3433333333333333,cautious_circle
304,humidity_h304,nutrients_h304,1.3332777777777778,cross_sensor,2,crisis_link,0.5722222222222222,1.3332777777777778,erratic_panic_crisis_link
308,light_h308,light_h312,28.05,light,2,temporal,0.5777777777777777,0.3466666666666666,cautious_circle
308,humidity_h308,humidity_h312,97.06,humidity,2,temporal,0.5777777777777777,0.3466666666666666,cautious_circle
308,nutrients_h308,nutrients_h312,4.21,nutrients,2,temporal,0.5777777777777777,1.4444444444444442,erratic_panic
308,ph_h308,ph_h312,8.21,ph,2,temporal,0.5777777777777777,0.3466666666666666,cautious_circle
312,light_h312,light_h316,54.92,light,2,temporal,0.5833333333333334,0.17500000000000002,gentle_orbit
312,humidity_h312,humidity_h316,98.69,humidity,2,temporal,0.5833333333333334,1.4583333333333335,erratic_panic
312,nutrients_h312,nutrients_h316,7.88,nutrients,2,temporal,0.5833333333333334,1.4583333333333335,erratic_panic
312,ph_h312,ph_h316,8.37,ph,2,temporal,0.5833333333333334,0.35000000000000003,cautious_circle
312,humidity_h312,nutrients_h312,2.2983333333333333,cross_sensor,2,crisis_link,0.5833333333333334,2.2983333333333333,erratic_panic_crisis_link
316,light_h316,light_h320,75.36,light,2,temporal,0.5888888888888889,0.35333333333333333,cautious_circle
316,humidity_h316,humidity_h320,114.58,humidity,2,temporal,0.5888888888888889,1.4722222222222223,erratic_panic
316,nutrients_h316,nutrients_h320,5.61,nutrients,2,temporal,0.5888888888888889,1.4722222222222223,erratic_panic
316,ph_h316,ph_h320,8.99,ph,2,temporal,0.5888888888888889,0.35333333333333333,cautious_circle
316,humidity_h316,nutrients_h316,1.6518333333333335,cross_sensor,2,crisis_link,0.5888888888888889,1.6518333333333335,erratic_panic_crisis_link
320,light_h320,light_h324,78.08,light,2,temporal,0.5944444444444444,0.35666666666666663,cautious_circle
320,humidity_h320,humidity_h324,124.58,humidity,2,temporal,0.5944444444444444,1.4861111111111112,erratic_panic
320,nutrients_h320,nutrients_h324,8.36,nutrients,2,temporal,0.5944444444444444,0.35666666666666663,cautious_circle
320,ph_h320,ph_h324,9.12,ph,2,temporal,0.5944444444444444,1.4861111111111112,erratic_panic
324,light_h324,light_h328,51.17,light,2,temporal,0.6,0.18,gentle_orbit
324,humidity_h324,humidity_h328,110.84,humidity,2,temporal,0.6,1.5,erratic_panic
324,nutrients_h324,nutrients_h328,6.54,nutrients,2,temporal,0.6,1.5,erratic_panic
324,ph_h324,ph_h328,8.98,ph,2,temporal,0.6,0.36,cautious_circle
324,humidity_h324,nutrients_h324,1.962,cross_sensor,2,crisis_link,0.6,1.962,erratic_panic_crisis_link
328,light_h328,light_h332,32.42,light,2,temporal,0.6055555555555555,0.3633333333333333,cautious_circle
328,humidity_h328,humidity_h332,122.12,humidity,2,temporal,0.6055555555555555,1.5138888888888888,erratic_panic
328,nutrients_h328,nutrients_h332,4.98,nutrients,2,temporal,0.6055555555555555,1.5138888888888888,erratic_panic
328,ph_h328,ph_h332,8.39,ph,2,temporal,0.6055555555555555,0.3633333333333333,cautious_circle
328,humidity_h328,nutrients_h328,1.5078333333333334,cross_sensor,2,crisis_link,0.6055555555555555,1.5078333333333334,erratic_panic_crisis_link
332,light_h332,light_h336,24.43,light,2,temporal,0.6111111111111112,0.3666666666666667,cautious_circle
332,humidity_h332,humidity_h336,112.02,humidity,2,temporal,0.6111111111111112,1.527777777777778,erratic_panic
332,nutrients_h332,nutrients_h336,8.33,nutrients,2,temporal,0.6111111111111112,0.3666666666666667,cautious_circle
332,ph_h332,ph_h336,8.24,ph,2,temporal,0.6111111111111112,0.3666666666666667,cautious_circle
336,light_h336,light_h340,9.33,light,3,temporal,0.6166666666666667,0.061666666666666675,declining_drift
336,humidity_h336,humidity_h340,75.93,humidity,3,temporal,0.6166666666666667,0.37,cautious_circle
336,nutrients_h336,nutrients_h340,7.27,nutrients,3,temporal,0.6166666666666667,0.37,cautious_circle
336,ph_h336,ph_h340,8.93,ph,3,temporal,0.6166666666666667,0.37,cautious_circle
340,light_h340,light_h344,6.56,light,3,temporal,0.6222222222222222,0.06222222222222223,declining_drift
340,humidity_h340,humidity_h344,64.4,humidity,3,temporal,0.6222222222222222,0.18666666666666668,gentle_orbit
340,nutrients_h340,nutrients_h344,2.38,nutrients,3,temporal,0.6222222222222222,0.06222222222222223,declining_drift
340,ph_h340,ph_h344,9.54,ph,3,temporal,0.6222222222222222,0.37333333333333335,cautious_circle
344,light_h344,light_h348,5.47,light,3,temporal,0.6277777777777778,0.06277777777777778,declining_drift
344,humidity_h344,humidity_h348,58.79,humidity,3,temporal,0.6277777777777778,0.18833333333333332,gentle_orbit
344,nutrients_h344,nutrients_h348,6.97,nutrients,3,temporal,0.6277777777777778,0.37666666666666665,cautious_circle
344,ph_h344,ph_h348,9.3,ph,3,temporal,0.6277777777777778,0.37666666666666665,cautious_circle
348,light_h348,light_h352,5.22,light,3,temporal,0.6333333333333333,0.06333333333333334,declining_drift
348,humidity_h348,humidity_h352,45.76,humidity,3,temporal,0.6333333333333333,0.37999999999999995,cautious_circle
348,nutrients_h348,nutrients_h352,2.22,nutrients,3,temporal,0.6333333333333333,0.06333333333333334,declining_drift
348,ph_h348,ph_h352,9.54,ph,3,temporal,0.6333333333333333,0.37999999999999995,cautious_circle
352,light_h352,light_h356,3.75,light,3,temporal,0.6388888888888888,0.06388888888888888,declining_drift
352,humidity_h352,humidity_h356,59.72,humidity,3,temporal,0.6388888888888888,0.19166666666666665,gentle_orbit
352,nutrients_h352,nutrients_h356,5.34,nutrients,3,temporal,0.6388888888888888,0.06388888888888888,declining_drift
352,ph_h352,ph_h356,9.45,ph,3,temporal,0.6388888888888888,0.3833333333333333,cautious_circle
356,light_h356,light_h360,9.16,light,3,temporal,0.6444444444444445,0.06444444444444446,declining_drift
356,humidity_h356,humidity_h360,60.23,humidity,3,temporal,0.6444444444444445,0.19333333333333333,gentle_orbit
356,nutrients_h356,nutrients_h360,5.61,nutrients,3,temporal,0.6444444444444445,0.06444444444444446,declining_drift
356,ph_h356,ph_h360,9.67,ph,3,temporal,0.6444444444444445,0.38666666666666666,cautious_circle
360,light_h360,light_h364,4.82,light,3,temporal,0.65,0.065,declining_drift
360,humidity_h360,humidity_h364,75.15,humidity,3,temporal,0.65,0.39,cautious_circle
360,nutrients_h360,nutrients_h364,4.53,nutrients,3,temporal,0.65,0.065,declining_drift
360,ph_h360,ph_h364,9.71,ph,3,temporal,0.65,0.39,cautious_circle
364,light_h364,light_h368,9.66,light,3,temporal,0.6555555555555556,0.06555555555555556,declining_drift
364,humidity_h364,humidity_h368,61.47,humidity,3,temporal,0.6555555555555556,0.19666666666666666,gentle_orbit
364,nutrients_h364,nutrients_h368,6.28,nutrients,3,temporal,0.6555555555555556,0.3933333333333333,cautious_circle
364,ph_h364,ph_h368,9.12,ph,3,temporal,0.6555555555555556,0.3933333333333333,cautious_circle
368,light_h368,light_h372,5.67,light,3,temporal,0.6611111111111111,0.0661111111111111,declining_drift
368,humidity_h368,humidity_h372,58.59,humidity,3,temporal,0.6611111111111111,0.19833333333333333,gentle_orbit
368,nutrients_h368,nutrients_h372,4.86,nutrients,3,temporal,0.6611111111111111,0.0661111111111111,declining_drift
368,ph_h368,ph_h372,9.38,ph,3,temporal,0.6611111111111111,0.39666666666666667,cautious_circle
372,light_h372,light_h376,2.84,light,3,temporal,0.6666666666666667,0.06666666666666668,declining_drift
372,humidity_h372,humidity_h376,45.9,humidity,3,temporal,0.6666666666666667,0.4,cautious_circle
372,nutrients_h372,nutrients_h376,6.84,nutrients,3,temporal,0.6666666666666667,0.4,cautious_circle
372,ph_h372,ph_h376,9.36,ph,3,temporal,0.6666666666666667,0.4,cautious_circle
376,light_h376,light_h380,4.22,light,3,temporal,0.6722222222222223,0.06722222222222222,declining_drift
376,humidity_h376,humidity_h380,51.16,humidity,3,temporal,0.6722222222222223,0.2016666666666667,gentle_orbit
376,nutrients_h376,nutrients_h380,3.04,nutrients,3,temporal,0.6722222222222223,0.06722222222222222,declining_drift
376,ph_h376,ph_h380,9.73,ph,3,temporal,0.6722222222222223,0.4033333333333334,cautious_circle
380,light_h380,light_h384,5.08,light,3,temporal,0.6777777777777778,0.06777777777777778,declining_drift
380,humidity_h380,humidity_h384,61.43,humidity,3,temporal,0.6777777777777778,0.20333333333333334,gentle_orbit
380,nutrients_h380,nutrients_h384,5.07,nutrients,3,temporal,0.6777777777777778,0.06777777777777778,declining_drift
380,ph_h380,ph_h384,9.75,ph,3,temporal,0.6777777777777778,0.4066666666666667,cautious_circle
384,light_h384,light_h388,7.32,light,3,temporal,0.6833333333333333,0.06833333333333334,declining_drift
384,humidity_h384,humidity_h388,71.51,humidity,3,temporal,0.6833333333333333,0.41,cautious_circle
384,nutrients_h384,nutrients_h388,6.64,nutrients,3,temporal,0.6833333333333333,0.41,cautious_circle
384,ph_h384,ph_h388,9.65,ph,3,temporal,0.6833333333333333,0.41,cautious_circle
388,light_h388,light_h392,6.12,light,3,temporal,0.6888888888888889,0.06888888888888889,declining_drift
388,humidity_h388,humidity_h392,60.51,humidity,3,temporal,0.6888888888888889,0.20666666666666667,gentle_orbit
388,nutrients_h388,nutrients_h392,4.95,nutrients,3,temporal,0.6888888888888889,0.06888888888888889,declining_drift
388,ph_h388,ph_h392,8.98,ph,3,temporal,0.6888888888888889,0.41333333333333333,cautious_circle
392,light_h392,light_h396,4.48,light,3,temporal,0.6944444444444444,0.06944444444444445,declining_drift
392,humidity_h392,humidity_h396,49.58,humidity,3,temporal,0.6944444444444444,0.41666666666666663,cautious_circle
392,nutrients_h392,nutrients_h396,6.86,nutrients,3,temporal,0.6944444444444444,0.41666666666666663,cautious_circle
392,ph_h392,ph_h396,8.81,ph,3,temporal,0.6944444444444444,0.41666666666666663,cautious_circle
396,light_h396,light_h400,8.53,light,3,temporal,0.7000000000000001,0.07,declining_drift
396,humidity_h396,humidity_h400,50.02,humidity,3,temporal,0.7000000000000001,0.42000000000000004,cautious_circle
396,nutrients_h396,nutrients_h400,4.17,nutrients,3,temporal,0.7000000000000001,0.07,declining_drift
396,ph_h396,ph_h400,8.92,ph,3,temporal,0.7000000000000001,0.42000000000000004,cautious_circle
400,light_h400,light_h404,2.69,light,3,temporal,0.7055555555555556,0.07055555555555557,declining_drift
400,humidity_h400,humidity_h404,51.08,humidity,3,temporal,0.7055555555555556,0.21166666666666667,gentle_orbit
400,nutrients_h400,nutrients_h404,3.09,nutrients,3,temporal,0.7055555555555556,0.07055555555555557,declining_drift
400,ph_h400,ph_h404,9.09,ph,3,temporal,0.7055555555555556,0.42333333333333334,cautious_circle
404,light_h404,light_h408,5.72,light,3,temporal,0.7111111111111111,0.07111111111111111,declining_drift
404,humidity_h404,humidity_h408,70.07,humidity,3,temporal,0.7111111111111111,0.4266666666666667,cautious_circle
404,nutrients_h404,nutrients_h408,2,nutrients,3,temporal,0.7111111111111111,0.07111111111111111,declining_drift
404,ph_h404,ph_h408,8.97,ph,3,temporal,0.7111111111111111,0.4266666666666667,cautious_circle
408,light_h408,light_h412,7.24,light,3,temporal,0.7166666666666667,0.07166666666666667,declining_drift
408,humidity_h408,humidity_h412,75.27,humidity,3,temporal,0.7166666666666667,0.43,cautious_circle
408,nutrients_h408,nutrients_h412,6.27,nutrients,3,temporal,0.7166666666666667,0.43,cautious_circle
408,ph_h408,ph_h412,8.94,ph,3,temporal,0.7166666666666667,0.43,cautious_circle
412,light_h412,light_h416,3.77,light,3,temporal,0.7222222222222222,0.07222222222222223,declining_drift
412,humidity_h412,humidity_h416,71.56,humidity,3,temporal,0.7222222222222222,0.4333333333333333,cautious_circle
412,nutrients_h412,nutrients_h416,3.63,nutrients,3,temporal,0.7222222222222222,0.07222222222222223,declining_drift
412,ph_h412,ph_h416,9.74,ph,3,temporal,0.7222222222222222,0.4333333333333333,cautious_circle
416,light_h416,light_h420,4.4,light,3,temporal,0.7277777777777777,0.07277777777777777,declining_drift
416,humidity_h416,humidity_h420,54.78,humidity,3,temporal,0.7277777777777777,0.21833333333333332,gentle_orbit
416,nutrients_h416,nutrients_h420,5.73,nutrients,3,temporal,0.7277777777777777,0.07277777777777777,declining_drift
416,ph_h416,ph_h420,9.43,ph,3,temporal,0.7277777777777777,0.43666666666666665,cautious_circle
420,light_h420,light_h424,7.96,light,3,temporal,0.7333333333333334,0.07333333333333335,declining_drift
420,humidity_h420,humidity_h424,49.44,humidity,3,temporal,0.7333333333333334,0.44,cautious_circle
420,nutrients_h420,nutrients_h424,4.97,nutrients,3,temporal,0.7333333333333334,0.07333333333333335,declining_drift
420,ph_h420,ph_h424,9.15,ph,3,temporal,0.7333333333333334,0.44,cautious_circle
424,light_h424,light_h428,3.87,light,3,temporal,0.7388888888888889,0.07388888888888889,declining_drift
424,humidity_h424,humidity_h428,51.24,humidity,3,temporal,0.7388888888888889,0.22166666666666668,gentle_orbit
424,nutrients_h424,nutrients_h428,3.19,nutrients,3,temporal,0.7388888888888889,0.07388888888888889,declining_drift
424,ph_h424,ph_h428,9.22,ph,3,temporal,0.7388888888888889,0.44333333333333336,cautious_circle
428,light_h428,light_h432,5.92,light,3,temporal,0.7444444444444445,0.07444444444444445,declining_drift
428,humidity_h428,humidity_h432,61.81,humidity,3,temporal,0.7444444444444445,0.22333333333333333,gentle_orbit
428,nutrients_h428,nutrients_h432,2.04,nutrients,3,temporal,0.7444444444444445,0.07444444444444445,declining_drift
428,ph_h428,ph_h432,9.61,ph,3,temporal,0.7444444444444445,0.44666666666666666,cautious_circle
432,light_h432,light_h436,3.05,light,3,temporal,0.75,0.07500000000000001,declining_drift
432,humidity_h432,humidity_h436,75.67,humidity,3,temporal,0.75,0.44999999999999996,cautious_circle
432,nutrients_h432,nutrients_h436,5.61,nutrients,3,temporal,0.75,0.07500000000000001,declining_drift
432,ph_h432,ph_h436,9.67,ph,3,temporal,0.75,0.44999999999999996,cautious_circle
436,light_h436,light_h440,9.5,light,3,temporal,0.7555555555555555,0.07555555555555556,declining_drift
436,humidity_h436,humidity_h440,68.8,humidity,3,temporal,0.7555555555555555,0.22666666666666666,gentle_orbit
436,nutrients_h436,nutrients_h440,7.94,nutrients,3,temporal,0.7555555555555555,0.4533333333333333,cautious_circle
436,ph_h436,ph_h440,9.55,ph,3,temporal,0.7555555555555555,0.4533333333333333,cautious_circle
440,light_h440,light_h444,4.66,light,3,temporal,0.7611111111111112,0.07611111111111113,declining_drift
440,humidity_h440,humidity_h444,49.7,humidity,3,temporal,0.7611111111111112,0.45666666666666667,cautious_circle
440,nutrients_h440,nutrients_h444,3.56,nutrients,3,temporal,0.7611111111111112,0.07611111111111113,declining_drift
440,ph_h440,ph_h444,9.68,ph,3,temporal,0.7611111111111112,0.45666666666666667,cautious_circle
444,light_h444,light_h448,2.91,light,3,temporal,0.7666666666666667,0.07666666666666667,declining_drift
444,humidity_h444,humidity_h448,48.2,humidity,3,temporal,0.7666666666666667,0.46,cautious_circle
444,nutrients_h444,nutrients_h448,7.56,nutrients,3,temporal,0.7666666666666667,0.46,cautious_circle
444,ph_h444,ph_h448,9.19,ph,3,temporal,0.7666666666666667,0.46,cautious_circle
448,light_h448,light_h452,7.11,light,3,temporal,0.7722222222222223,0.07722222222222223,declining_drift
448,humidity_h448,humidity_h452,48.42,humidity,3,temporal,0.7722222222222223,0.4633333333333333,cautious_circle
448,nutrients_h448,nutrients_h452,7.93,nutrients,3,temporal,0.7722222222222223,0.4633333333333333,cautious_circle
448,ph_h448,ph_h452,9.61,ph,3,temporal,0.7722222222222223,0.4633333333333333,cautious_circle
452,light_h452,light_h456,9.57,light,3,temporal,0.7777777777777778,0.07777777777777778,declining_drift
452,humidity_h452,humidity_h456,69.99,humidity,3,temporal,0.7777777777777778,0.4666666666666667,cautious_circle
452,nutrients_h452,nutrients_h456,3.52,nutrients,3,temporal,0.7777777777777778,0.07777777777777778,declining_drift
452,ph_h452,ph_h456,9.66,ph,3,temporal,0.7777777777777778,0.4666666666666667,cautious_circle
456,light_h456,light_h460,2.51,light,3,temporal,0.7833333333333333,0.07833333333333334,declining_drift
456,humidity_h456,humidity_h460,75.27,humidity,3,temporal,0.7833333333333333,0.47,cautious_circle
456,nutrients_h456,nutrients_h460,3.62,nutrients,3,temporal,0.7833333333333333,0.07833333333333334,declining_drift
456,ph_h456,ph_h460,9.31,ph,3,temporal,0.7833333333333333,0.47,cautious_circle
460,light_h460,light_h464,6.7,light,3,temporal,0.7888888888888889,0.0788888888888889,declining_drift
460,humidity_h460,humidity_h464,66.81,humidity,3,temporal,0.7888888888888889,0.23666666666666664,gentle_orbit
460,nutrients_h460,nutrients_h464,2.92,nutrients,3,temporal,0.7888888888888889,0.0788888888888889,declining_drift
460,ph_h460,ph_h464,9.78,ph,3,temporal,0.7888888888888889,0.4733333333333333,cautious_circle
464,light_h464,light_h468,2.23,light,3,temporal,0.7944444444444445,0.07944444444444446,declining_drift
464,humidity_h464,humidity_h468,57.97,humidity,3,temporal,0.7944444444444445,0.23833333333333334,gentle_orbit
464,nutrients_h464,nutrients_h468,3.94,nutrients,3,temporal,0.7944444444444445,0.07944444444444446,declining_drift
464,ph_h464,ph_h468,9.32,ph,3,temporal,0.7944444444444445,0.4766666666666667,cautious_circle
468,light_h468,light_h472,8.62,light,3,temporal,0.8,0.08000000000000002,declining_drift
468,humidity_h468,humidity_h472,51.79,humidity,3,temporal,0.8,0.24,gentle_orbit
468,nutrients_h468,nutrients_h472,4.13,nutrients,3,temporal,0.8,0.08000000000000002,declining_drift
468,ph_h468,ph_h472,9.17,ph,3,temporal,0.8,0.48,cautious_circle
472,light_h472,light_h476,4.17,light,3,temporal,0.8055555555555556,0.08055555555555556,declining_drift
472,humidity_h472,humidity_h476,53.14,humidity,3,temporal,0.8055555555555556,0.24166666666666667,gentle_orbit
472,nutrients_h472,nutrients_h476,7.59,nutrients,3,temporal,0.8055555555555556,0.48333333333333334,cautious_circle
472,ph_h472,ph_h476,9.78,ph,3,temporal,0.8055555555555556,0.48333333333333334,cautious_circle
476,light_h476,light_h480,8.2,light,3,temporal,0.8111111111111111,0.08111111111111112,declining_drift
476,humidity_h476,humidity_h480,65.87,humidity,3,temporal,0.8111111111111111,0.24333333333333332,gentle_orbit
476,nutrients_h476,nutrients_h480,6.15,nutrients,3,temporal,0.8111111111111111,0.48666666666666664,cautious_circle
476,ph_h476,ph_h480,9.73,ph,3,temporal,0.8111111111111111,0.48666666666666664,cautious_circle
480,light_h480,light_h484,3.35,light,3,temporal,0.8166666666666667,0.08166666666666667,declining_drift
480,humidity_h480,humidity_h484,77.65,humidity,3,temporal,0.8166666666666667,0.49,cautious_circle
480,nutrients_h480,nutrients_h484,4.6,nutrients,3,temporal,0.8166666666666667,0.08166666666666667,declining_drift
480,ph_h480,ph_h484,9.18,ph,3,temporal,0.8166666666666667,0.49,cautious_circle
484,light_h484,light_h488,8.78,light,3,temporal,0.8222222222222223,0.08222222222222224,declining_drift
484,humidity_h484,humidity_h488,70.86,humidity,3,temporal,0.8222222222222223,0.49333333333333335,cautious_circle
484,nutrients_h484,nutrients_h488,3.38,nutrients,3,temporal,0.8222222222222223,0.08222222222222224,declining_drift
484,ph_h484,ph_h488,9.27,ph,3,temporal,0.8222222222222223,0.49333333333333335,cautious_circle
488,light_h488,light_h492,5.91,light,3,temporal,0.8277777777777778,0.08277777777777778,declining_drift
488,humidity_h488,humidity_h492,54.36,humidity,3,temporal,0.8277777777777778,0.24833333333333335,gentle_orbit
488,nutrients_h488,nutrients_h492,2.86,nutrients,3,temporal,0.8277777777777778,0.08277777777777778,declining_drift
488,ph_h488,ph_h492,9.71,ph,3,temporal,0.8277777777777778,0.4966666666666667,cautious_circle
492,light_h492,light_h496,4.91,light,3,temporal,0.8333333333333334,0.08333333333333334,declining_drift
492,humidity_h492,humidity_h496,43.58,humidity,3,temporal,0.8333333333333334,0.5,cautious_circle
492,nutrients_h492,nutrients_h496,5.88,nutrients,3,temporal,0.8333333333333334,0.08333333333333334,declining_drift
492,ph_h492,ph_h496,8.89,ph,3,temporal,0.8333333333333334,0.5,cautious_circle
496,light_h496,light_h500,7.45,light,3,temporal,0.8388888888888889,0.0838888888888889,declining_drift
496,humidity_h496,humidity_h500,59.45,humidity,3,temporal,0.8388888888888889,0.25166666666666665,gentle_orbit
496,nutrients_h496,nutrients_h500,4.97,nutrients,3,temporal,0.8388888888888889,0.0838888888888889,declining_drift
496,ph_h496,ph_h500,9.73,ph,3,temporal,0.8388888888888889,0.5033333333333333,cautious_circle
500,light_h500,light_h504,8.07,light,3,temporal,0.8444444444444444,0.08444444444444445,declining_drift
500,humidity_h500,humidity_h504,68.53,humidity,3,temporal,0.8444444444444444,0.2533333333333333,gentle_orbit
500,nutrients_h500,nutrients_h504,3.09,nutrients,3,temporal,0.8444444444444444,0.08444444444444445,declining_drift
500,ph_h500,ph_h504,9.52,ph,3,temporal,0.8444444444444444,0.5066666666666666,cautious_circle
504,light_h504,light_h508,55.83,light,4,temporal,0.7,1.26,healing_growth
504,humidity_h504,humidity_h508,59.15,humidity,4,temporal,0.7,0.21,gentle_orbit
504,nutrients_h504,nutrients_h508,51.65,nutrients,4,temporal,0.7,1.26,healing_growth
504,ph_h504,ph_h508,6.51,ph,4,temporal,0.7,1.26,healing_growth
504,humidity_h504,nutrients_h504,12.421499999999998,cross_sensor,4,recovery_link,0.7,12.421499999999998,healing_growth_recovery_link
504,light_h504,humidity_h504,12.421499999999998,cross_sensor,4,recovery_link,0.7,12.421499999999998,healing_growth_recovery_link
504,ph_h504,nutrients_h504,10.846499999999999,cross_sensor,4,recovery_link,0.7,10.846499999999999,healing_growth_recovery_link
508,light_h508,light_h512,54.63,light,4,temporal,0.7055555555555556,1.27,healing_growth
508,humidity_h508,humidity_h512,59.36,humidity,4,temporal,0.7055555555555556,0.21166666666666667,gentle_orbit
508,nutrients_h508,nutrients_h512,53.94,nutrients,4,temporal,0.7055555555555556,1.27,healing_growth
508,ph_h508,ph_h512,6.47,ph,4,temporal,0.7055555555555556,1.27,healing_growth
508,humidity_h508,nutrients_h508,12.564533333333333,cross_sensor,4,recovery_link,0.7055555555555556,12.564533333333333,healing_growth_recovery_link
508,light_h508,humidity_h508,12.564533333333333,cross_sensor,4,recovery_link,0.7055555555555556,12.564533333333333,healing_growth_recovery_link
508,ph_h508,nutrients_h508,11.4173,cross_sensor,4,recovery_link,0.7055555555555556,11.4173,healing_growth_recovery_link
512,light_h512,light_h516,55.44,light,4,temporal,0.7111111111111111,1.28,healing_growth
512,humidity_h512,humidity_h516,58.03,humidity,4,temporal,0.7111111111111111,0.21333333333333335,gentle_orbit
512,nutrients_h512,nutrients_h516,59.31,nutrients,4,temporal,0.7111111111111111,1.28,healing_growth
512,ph_h512,ph_h516,6.5,ph,4,temporal,0.7111111111111111,1.28,healing_growth
512,humidity_h512,nutrients_h512,12.6528,cross_sensor,4,recovery_link,0.7111111111111111,12.6528,healing_growth_recovery_link
512,light_h512,humidity_h512,12.379733333333332,cross_sensor,4,recovery_link,0.7111111111111111,12.379733333333332,healing_growth_recovery_link
512,ph_h512,nutrients_h512,12.6528,cross_sensor,4,recovery_link,0.7111111111111111,12.6528,healing_growth_recovery_link
516,light_h516,light_h520,54.2,light,4,temporal,0.7166666666666667,1.29,healing_growth
516,humidity_h516,humidity_h520,58.44,humidity,4,temporal,0.7166666666666667,0.215,gentle_orbit
516,nutrients_h516,nutrients_h520,48.33,nutrients,4,temporal,0.7166666666666667,1.29,healing_growth
516,ph_h516,ph_h520,6.45,ph,4,temporal,0.7166666666666667,1.29,healing_growth
516,humidity_h516,nutrients_h516,12.5646,cross_sensor,4,recovery_link,0.7166666666666667,12.5646,healing_growth_recovery_link
516,light_h516,humidity_h516,12.5646,cross_sensor,4,recovery_link,0.7166666666666667,12.5646,healing_growth_recovery_link
516,ph_h516,nutrients_h516,10.390949999999998,cross_sensor,4,recovery_link,0.7166666666666667,10.390949999999998,healing_growth_recovery_link
520,light_h520,light_h524,55.63,light,4,temporal,0.7222222222222222,1.3,healing_growth
520,humidity_h520,humidity_h524,61.16,humidity,4,temporal,0.7222222222222222,0.21666666666666665,gentle_orbit
520,nutrients_h520,nutrients_h524,64.67,nutrients,4,temporal,0.7222222222222222,1.3,healing_growth
520,ph_h520,ph_h524,6.53,ph,4,temporal,0.7222222222222222,1.3,healing_growth
520,humidity_h520,nutrients_h520,14.011833333333334,cross_sensor,4,recovery_link,0.7222222222222222,14.011833333333334,healing_growth_recovery_link
520,light_h520,humidity_h520,13.251333333333333,cross_sensor,4,recovery_link,0.7222222222222222,13.251333333333333,healing_growth_recovery_link
520,ph_h520,nutrients_h520,14.011833333333334,cross_sensor,4,recovery_link,0.7222222222222222,14.011833333333334,healing_growth_recovery_link
524,light_h524,light_h528,55.11,light,4,temporal,0.7277777777777777,1.31,healing_growth
524,humidity_h524,humidity_h528,58.4,humidity,4,temporal,0.7277777777777777,0.21833333333333332,gentle_orbit
524,nutrients_h524,nutrients_h528,56.45,nutrients,4,temporal,0.7277777777777777,1.31,healing_growth
524,ph_h524,ph_h528,6.51,ph,4,temporal,0.7277777777777777,1.31,healing_growth
524,humidity_h524,nutrients_h524,12.750666666666666,cross_sensor,4,recovery_link,0.7277777777777777,12.750666666666666,healing_growth_recovery_link
524,light_h524,humidity_h524,12.750666666666666,cross_sensor,4,recovery_link,0.7277777777777777,12.750666666666666,healing_growth_recovery_link
524,ph_h524,nutrients_h524,12.324916666666665,cross_sensor,4,recovery_link,0.7277777777777777,12.324916666666665,healing_growth_recovery_link
528,light_h528,light_h532,55.89,light,4,temporal,0.7333333333333333,1.3199999999999998,healing_growth
528,humidity_h528,humidity_h532,58.97,humidity,4,temporal,0.7333333333333333,0.21999999999999997,gentle_orbit
528,nutrients_h528,nutrients_h532,63,nutrients,4,temporal,0.7333333333333333,1.3199999999999998,healing_growth
528,ph_h528,ph_h532,6.53,ph,4,temporal,0.7333333333333333,1.3199999999999998,healing_growth
528,humidity_h528,nutrients_h528,13.859999999999998,cross_sensor,4,recovery_link,0.7333333333333333,13.859999999999998,healing_growth_recovery_link
528,light_h528,humidity_h528,12.973399999999998,cross_sensor,4,recovery_link,0.7333333333333333,12.973399999999998,healing_growth_recovery_link
528,ph_h528,nutrients_h528,13.859999999999998,cross_sensor,4,recovery_link,0.7333333333333333,13.859999999999998,healing_growth_recovery_link
532,light_h532,light_h536,54.46,light,4,temporal,0.7388888888888889,1.33,healing_growth
532,humidity_h532,humidity_h536,60.35,humidity,4,temporal,0.7388888888888889,0.22166666666666668,gentle_orbit
532,nutrients_h532,nutrients_h536,46.31,nutrients,4,temporal,0.7388888888888889,1.33,healing_growth
532,ph_h532,ph_h536,6.47,ph,4,temporal,0.7388888888888889,1.33,healing_growth
532,humidity_h532,nutrients_h532,13.377583333333334,cross_sensor,4,recovery_link,0.7388888888888889,13.377583333333334,healing_growth_recovery_link
532,light_h532,humidity_h532,13.377583333333334,cross_sensor,4,recovery_link,0.7388888888888889,13.377583333333334,healing_growth_recovery_link
532,ph_h532,nutrients_h532,10.265383333333334,cross_sensor,4,recovery_link,0.7388888888888889,10.265383333333334,healing_growth_recovery_link
536,light_h536,light_h540,54.57,light,4,temporal,0.7444444444444445,1.34,healing_growth
536,humidity_h536,humidity_h540,60.9,humidity,4,temporal,0.7444444444444445,0.22333333333333333,gentle_orbit
536,nutrients_h536,nutrients_h540,56.05,nutrients,4,temporal,0.7444444444444445,1.34,healing_growth
536,ph_h536,ph_h540,6.5,ph,4,temporal,0.7444444444444445,1.34,healing_growth
536,humidity_h536,nutrients_h536,13.601,cross_sensor,4,recovery_link,0.7444444444444445,13.601,healing_growth_recovery_link
536,light_h536,humidity_h536,13.601,cross_sensor,4,recovery_link,0.7444444444444445,13.601,healing_growth_recovery_link
536,ph_h536,nutrients_h536,12.517833333333332,cross_sensor,4,recovery_link,0.7444444444444445,12.517833333333332,healing_growth_recovery_link
540,light_h540,light_h544,55.85,light,4,temporal,0.75,1.35,healing_growth
540,humidity_h540,humidity_h544,59.95,humidity,4,temporal,0.75,0.22499999999999998,gentle_orbit
540,nutrients_h540,nutrients_h544,47.09,nutrients,4,temporal,0.75,1.35,healing_growth
540,ph_h540,ph_h544,6.5,ph,4,temporal,0.75,1.35,healing_growth
540,humidity_h540,nutrients_h540,13.48875,cross_sensor,4,recovery_link,0.75,13.48875,healing_growth_recovery_link
540,light_h540,humidity_h540,13.48875,cross_sensor,4,recovery_link,0.75,13.48875,healing_growth_recovery_link
540,ph_h540,nutrients_h540,10.59525,cross_sensor,4,recovery_link,0.75,10.59525,healing_growth_recovery_link
544,light_h544,light_h548,55.59,light,4,temporal,0.7555555555555555,1.36,healing_growth
544,humidity_h544,humidity_h548,58.19,humidity,4,temporal,0.7555555555555555,0.22666666666666666,gentle_orbit
544,nutrients_h544,nutrients_h548,49.37,nutrients,4,temporal,0.7555555555555555,1.36,healing_growth
544,ph_h544,ph_h548,6.49,ph,4,temporal,0.7555555555555555,1.36,healing_growth
544,humidity_h544,nutrients_h544,13.189733333333331,cross_sensor,4,recovery_link,0.7555555555555555,13.189733333333331,healing_growth_recovery_link
544,light_h544,humidity_h544,13.189733333333331,cross_sensor,4,recovery_link,0.7555555555555555,13.189733333333331,healing_growth_recovery_link
544,ph_h544,nutrients_h544,11.190533333333331,cross_sensor,4,recovery_link,0.7555555555555555,11.190533333333331,healing_growth_recovery_link
548,light_h548,light_h552,55.28,light,4,temporal,0.7611111111111111,1.3699999999999999,healing_growth
548,humidity_h548,humidity_h552,61.23,humidity,4,temporal,0.7611111111111111,0.2283333333333333,gentle_orbit
548,nutrients_h548,nutrients_h552,65.32,nutrients,4,temporal,0.7611111111111111,1.3699999999999999,healing_growth
548,ph_h548,ph_h552,6.52,ph,4,temporal,0.7611111111111111,1.3699999999999999,healing_growth
548,humidity_h548,nutrients_h548,14.91473333333333,cross_sensor,4,recovery_link,0.7611111111111111,14.91473333333333,healing_growth_recovery_link
548,light_h548,humidity_h548,13.980849999999998,cross_sensor,4,recovery_link,0.7611111111111111,13.980849999999998,healing_growth_recovery_link
548,ph_h548,nutrients_h548,14.91473333333333,cross_sensor,4,recovery_link,0.7611111111111111,14.91473333333333,healing_growth_recovery_link
552,light_h552,light_h556,55.16,light,4,temporal,0.7666666666666667,1.3800000000000001,healing_growth
552,humidity_h552,humidity_h556,58.37,humidity,4,temporal,0.7666666666666667,0.23,gentle_orbit
552,nutrients_h552,nutrients_h556,56.43,nutrients,4,temporal,0.7666666666666667,1.3800000000000001,healing_growth
552,ph_h552,ph_h556,6.46,ph,4,temporal,0.7666666666666667,1.3800000000000001,healing_growth
552,humidity_h552,nutrients_h552,13.4251,cross_sensor,4,recovery_link,0.7666666666666667,13.4251,healing_growth_recovery_link
552,light_h552,humidity_h552,13.4251,cross_sensor,4,recovery_link,0.7666666666666667,13.4251,healing_growth_recovery_link
552,ph_h552,nutrients_h552,12.9789,cross_sensor,4,recovery_link,0.7666666666666667,12.9789,healing_growth_recovery_link
556,light_h556,light_h560,54.92,light,4,temporal,0.7722222222222223,1.3900000000000001,healing_growth
556,humidity_h556,humidity_h560,60.84,humidity,4,temporal,0.7722222222222223,0.23166666666666666,gentle_orbit
556,nutrients_h556,nutrients_h560,62,nutrients,4,temporal,0.7722222222222223,1.3900000000000001,healing_growth
556,ph_h556,ph_h560,6.52,ph,4,temporal,0.7722222222222223,1.3900000000000001,healing_growth
556,humidity_h556,nutrients_h556,14.363333333333332,cross_sensor,4,recovery_link,0.7722222222222223,14.363333333333332,healing_growth_recovery_link
556,light_h556,humidity_h556,14.0946,cross_sensor,4,recovery_link,0.7722222222222223,14.0946,healing_growth_recovery_link
556,ph_h556,nutrients_h556,14.363333333333332,cross_sensor,4,recovery_link,0.7722222222222223,14.363333333333332,healing_growth_recovery_link
560,light_h560,light_h564,55.08,light,4,temporal,0.7777777777777778,1.4000000000000001,healing_growth
560,humidity_h560,humidity_h564,61.56,humidity,4,temporal,0.7777777777777778,0.23333333333333334,gentle_orbit
560,nutrients_h560,nutrients_h564,45.79,nutrients,4,temporal,0.7777777777777778,1.4000000000000001,healing_growth
560,ph_h560,ph_h564,6.48,ph,4,temporal,0.7777777777777778,1.4000000000000001,healing_growth
560,humidity_h560,nutrients_h560,14.364,cross_sensor,4,recovery_link,0.7777777777777778,14.364,healing_growth_recovery_link
560,light_h560,humidity_h560,14.364,cross_sensor,4,recovery_link,0.7777777777777778,14.364,healing_growth_recovery_link
560,ph_h560,nutrients_h560,10.684333333333333,cross_sensor,4,recovery_link,0.7777777777777778,10.684333333333333,healing_growth_recovery_link
564,light_h564,light_h568,55.21,light,4,temporal,0.7833333333333333,1.41,healing_growth
564,humidity_h564,humidity_h568,58.68,humidity,4,temporal,0.7833333333333333,0.235,gentle_orbit
564,nutrients_h564,nutrients_h568,54.09,nutrients,4,temporal,0.7833333333333333,1.41,healing_growth
564,ph_h564,ph_h568,6.48,ph,4,temporal,0.7833333333333333,1.41,healing_growth
564,humidity_h564,nutrients_h564,13.7898,cross_sensor,4,recovery_link,0.7833333333333333,13.7898,healing_growth_recovery_link
564,light_h564,humidity_h564,13.7898,cross_sensor,4,recovery_link,0.7833333333333333,13.7898,healing_growth_recovery_link
564,ph_h564,nutrients_h564,12.71115,cross_sensor,4,recovery_link,0.7833333333333333,12.71115,healing_growth_recovery_link
568,light_h568,light_h572,55.79,light,4,temporal,0.7888888888888889,1.42,healing_growth
568,humidity_h568,humidity_h572,61.53,humidity,4,temporal,0.7888888888888889,0.23666666666666664,gentle_orbit
568,nutrients_h568,nutrients_h572,67.44,nutrients,4,temporal,0.7888888888888889,1.42,healing_growth
568,ph_h568,ph_h572,6.53,ph,4,temporal,0.7888888888888889,1.42,healing_growth
568,humidity_h568,nutrients_h568,15.960799999999999,cross_sensor,4,recovery_link,0.7888888888888889,15.960799999999999,healing_growth_recovery_link
568,light_h568,humidity_h568,14.5621,cross_sensor,4,recovery_link,0.7888888888888889,14.5621,healing_growth_recovery_link
568,ph_h568,nutrients_h568,15.960799999999999,cross_sensor,4,recovery_link,0.7888888888888889,15.960799999999999,healing_growth_recovery_link
572,light_h572,light_h576,55.92,light,4,temporal,0.7944444444444444,1.43,healing_growth
572,humidity_h572,humidity_h576,61.87,humidity,4,temporal,0.7944444444444444,0.2383333333333333,gentle_orbit
572,nutrients_h572,nutrients_h576,52.46,nutrients,4,temporal,0.7944444444444444,1.43,healing_growth
572,ph_h572,ph_h576,6.45,ph,4,temporal,0.7944444444444444,1.43,healing_growth
572,humidity_h572,nutrients_h572,14.745683333333332,cross_sensor,4,recovery_link,0.7944444444444444,14.745683333333332,healing_growth_recovery_link
572,light_h572,humidity_h572,14.745683333333332,cross_sensor,4,recovery_link,0.7944444444444444,14.745683333333332,healing_growth_recovery_link
572,ph_h572,nutrients_h572,12.502966666666666,cross_sensor,4,recovery_link,0.7944444444444444,12.502966666666666,healing_growth_recovery_link
576,light_h576,light_h580,55.73,light,4,temporal,0.8,1.4400000000000002,healing_growth
576,humidity_h576,humidity_h580,59.54,humidity,4,temporal,0.8,0.24,gentle_orbit
576,nutrients_h576,nutrients_h580,45.96,nutrients,4,temporal,0.8,1.4400000000000002,healing_growth
576,ph_h576,ph_h580,6.51,ph,4,temporal,0.8,1.4400000000000002,healing_growth
576,humidity_h576,nutrients_h576,14.2896,cross_sensor,4,recovery_link,0.8,14.2896,healing_growth_recovery_link
576,light_h576,humidity_h576,14.2896,cross_sensor,4,recovery_link,0.8,14.2896,healing_growth_recovery_link
576,ph_h576,nutrients_h576,11.0304,cross_sensor,4,recovery_link,0.8,11.0304,healing_growth_recovery_link
580,light_h580,light_h584,55.11,light,4,temporal,0.8055555555555556,1.4500000000000002,healing_growth
580,humidity_h580,humidity_h584,58.94,humidity,4,temporal,0.8055555555555556,0.24166666666666667,gentle_orbit
580,nutrients_h580,nutrients_h584,69.51,nutrients,4,temporal,0.8055555555555556,1.4500000000000002,healing_growth
580,ph_h580,ph_h584,6.52,ph,4,temporal,0.8055555555555556,1.4500000000000002,healing_growth
580,humidity_h580,nutrients_h580,16.798250000000003,cross_sensor,4,recovery_link,0.8055555555555556,16.798250000000003,healing_growth_recovery_link
580,light_h580,humidity_h580,14.243833333333333,cross_sensor,4,recovery_link,0.8055555555555556,14.243833333333333,healing_growth_recovery_link
580,ph_h580,nutrients_h580,16.798250000000003,cross_sensor,4,recovery_link,0.8055555555555556,16.798250000000003,healing_growth_recovery_link
584,light_h584,light_h588,55.85,light,4,temporal,0.8111111111111111,1.46,healing_growth
584,humidity_h584,humidity_h588,60.59,humidity,4,temporal,0.8111111111111111,0.24333333333333332,gentle_orbit
584,nutrients_h584,nutrients_h588,56.23,nutrients,4,temporal,0.8111111111111111,1.46,healing_growth
584,ph_h584,ph_h588,6.52,ph,4,temporal,0.8111111111111111,1.46,healing_growth
584,humidity_h584,nutrients_h584,14.743566666666666,cross_sensor,4,recovery_link,0.8111111111111111,14.743566666666666,healing_growth_recovery_link
584,light_h584,humidity_h584,14.743566666666666,cross_sensor,4,recovery_link,0.8111111111111111,14.743566666666666,healing_growth_recovery_link
584,ph_h584,nutrients_h584,13.682633333333333,cross_sensor,4,recovery_link,0.8111111111111111,13.682633333333333,healing_growth_recovery_link
588,light_h588,light_h592,54.52,light,4,temporal,0.8166666666666667,1.47,healing_growth
588,humidity_h588,humidity_h592,60.26,humidity,4,temporal,0.8166666666666667,0.245,gentle_orbit
588,nutrients_h588,nutrients_h592,52.9,nutrients,4,temporal,0.8166666666666667,1.47,healing_growth
588,ph_h588,ph_h592,6.47,ph,4,temporal,0.8166666666666667,1.47,healing_growth
588,humidity_h588,nutrients_h588,14.7637,cross_sensor,4,recovery_link,0.8166666666666667,14.7637,healing_growth_recovery_link
588,light_h588,humidity_h588,14.7637,cross_sensor,4,recovery_link,0.8166666666666667,14.7637,healing_growth_recovery_link
588,ph_h588,nutrients_h588,12.9605,cross_sensor,4,recovery_link,0.8166666666666667,12.9605,healing_growth_recovery_link
592,light_h592,light_h596,54.87,light,4,temporal,0.8222222222222222,1.48,healing_growth
592,humidity_h592,humidity_h596,60.25,humidity,4,temporal,0.8222222222222222,0.24666666666666665,gentle_orbit
592,nutrients_h592,nutrients_h596,62.78,nutrients,4,temporal,0.8222222222222222,1.48,healing_growth
592,ph_h592,ph_h596,6.53,ph,4,temporal,0.8222222222222222,1.48,healing_growth
592,humidity_h592,nutrients_h592,15.485733333333332,cross_sensor,4,recovery_link,0.8222222222222222,15.485733333333332,healing_growth_recovery_link
592,light_h592,humidity_h592,14.861666666666665,cross_sensor,4,recovery_link,0.8222222222222222,14.861666666666665,healing_growth_recovery_link
592,ph_h592,nutrients_h592,15.485733333333332,cross_sensor,4,recovery_link,0.8222222222222222,15.485733333333332,healing_growth_recovery_link
596,light_h596,light_h600,54.56,light,4,temporal,0.8277777777777777,1.49,healing_growth
596,humidity_h596,humidity_h600,60.49,humidity,4,temporal,0.8277777777777777,0.2483333333333333,gentle_orbit
596,nutrients_h596,nutrients_h600,51.46,nutrients,4,temporal,0.8277777777777777,1.49,healing_growth
596,ph_h596,ph_h600,6.46,ph,4,temporal,0.8277777777777777,1.49,healing_growth
596,humidity_h596,nutrients_h596,15.021683333333332,cross_sensor,4,recovery_link,0.8277777777777777,15.021683333333332,healing_growth_recovery_link
596,light_h596,humidity_h596,15.021683333333332,cross_sensor,4,recovery_link,0.8277777777777777,15.021683333333332,healing_growth_recovery_link
596,ph_h596,nutrients_h596,12.779233333333332,cross_sensor,4,recovery_link,0.8277777777777777,12.779233333333332,healing_growth_recovery_link
600,light_h600,light_h604,54.19,light,4,temporal,0.8333333333333334,1.5,healing_growth
600,humidity_h600,humidity_h604,61.78,humidity,4,temporal,0.8333333333333334,0.25,gentle_orbit
600,nutrients_h600,nutrients_h604,65.54,nutrients,4,temporal,0.8333333333333334,1.5,healing_growth
600,ph_h600,ph_h604,6.47,ph,4,temporal,0.8333333333333334,1.5,healing_growth
600,humidity_h600,nutrients_h600,16.385,cross_sensor,4,recovery_link,0.8333333333333334,16.385,healing_growth_recovery_link
600,light_h600,humidity_h600,15.445,cross_sensor,4,recovery_link,0.8333333333333334,15.445,healing_growth_recovery_link
600,ph_h600,nutrients_h600,16.385,cross_sensor,4,recovery_link,0.8333333333333334,16.385,healing_growth_recovery_link
604,light_h604,light_h608,55.91,light,4,temporal,0.8388888888888889,1.51,healing_growth
604,humidity_h604,humidity_h608,59.51,humidity,4,temporal,0.8388888888888889,0.25166666666666665,gentle_orbit
604,nutrients_h604,nutrients_h608,47.25,nutrients,4,temporal,0.8388888888888889,1.51,healing_growth
604,ph_h604,ph_h608,6.51,ph,4,temporal,0.8388888888888889,1.51,healing_growth
604,humidity_h604,nutrients_h604,14.976683333333332,cross_sensor,4,recovery_link,0.8388888888888889,14.976683333333332,healing_growth_recovery_link
604,light_h604,humidity_h604,14.976683333333332,cross_sensor,4,recovery_link,0.8388888888888889,14.976683333333332,healing_growth_recovery_link
604,ph_h604,nutrients_h604,11.89125,cross_sensor,4,recovery_link,0.8388888888888889,11.89125,healing_growth_recovery_link
608,light_h608,light_h612,55.73,light,4,temporal,0.8444444444444444,1.52,healing_growth
608,humidity_h608,humidity_h612,60.03,humidity,4,temporal,0.8444444444444444,0.2533333333333333,gentle_orbit
608,nutrients_h608,nutrients_h612,60.76,nutrients,4,temporal,0.8444444444444444,1.52,healing_growth
608,ph_h608,ph_h612,6.45,ph,4,temporal,0.8444444444444444,1.52,healing_growth
608,humidity_h608,nutrients_h608,15.392533333333331,cross_sensor,4,recovery_link,0.8444444444444444,15.392533333333331,healing_growth_recovery_link
608,light_h608,humidity_h608,15.207600000000001,cross_sensor,4,recovery_link,0.8444444444444444,15.207600000000001,healing_growth_recovery_link
608,ph_h608,nutrients_h608,15.392533333333331,cross_sensor,4,recovery_link,0.8444444444444444,15.392533333333331,healing_growth_recovery_link
612,light_h612,light_h616,54.19,light,4,temporal,0.85,1.53,healing_growth
612,humidity_h612,humidity_h616,60.31,humidity,4,temporal,0.85,0.255,gentle_orbit
612,nutrients_h612,nutrients_h616,64.29,nutrients,4,temporal,0.85,1.53,healing_growth
612,ph_h612,ph_h616,6.47,ph,4,temporal,0.85,1.53,healing_growth
612,humidity_h612,nutrients_h612,16.39395,cross_sensor,4,recovery_link,0.85,16.39395,healing_growth_recovery_link
612,light_h612,humidity_h612,15.37905,cross_sensor,4,recovery_link,0.85,15.37905,healing_growth_recovery_link
612,ph_h612,nutrients_h612,16.39395,cross_sensor,4,recovery_link,0.85,16.39395,healing_growth_recovery_link
616,light_h616,light_h620,54.9,light,4,temporal,0.8555555555555555,1.54,healing_growth
616,humidity_h616,humidity_h620,60.62,humidity,4,temporal,0.8555555555555555,0.25666666666666665,gentle_orbit
616,nutrients_h616,nutrients_h620,63.95,nutrients,4,temporal,0.8555555555555555,1.54,healing_growth
616,ph_h616,ph_h620,6.48,ph,4,temporal,0.8555555555555555,1.54,healing_growth
616,humidity_h616,nutrients_h616,16.413833333333333,cross_sensor,4,recovery_link,0.8555555555555555,16.413833333333333,healing_growth_recovery_link
616,light_h616,humidity_h616,15.559133333333332,cross_sensor,4,recovery_link,0.8555555555555555,15.559133333333332,healing_growth_recovery_link
616,ph_h616,nutrients_h616,16.413833333333333,cross_sensor,4,recovery_link,0.8555555555555555,16.413833333333333,healing_growth_recovery_link
620,light_h620,light_h624,55.62,light,4,temporal,0.8611111111111112,1.55,healing_growth
620,humidity_h620,humidity_h624,60.93,humidity,4,temporal,0.8611111111111112,0.25833333333333336,gentle_orbit
620,nutrients_h620,nutrients_h624,54.52,nutrients,4,temporal,0.8611111111111112,1.55,healing_growth
620,ph_h620,ph_h624,6.47,ph,4,temporal,0.8611111111111112,1.55,healing_growth
620,humidity_h620,nutrients_h620,15.740250000000001,cross_sensor,4,recovery_link,0.8611111111111112,15.740250000000001,healing_growth_recovery_link
620,light_h620,humidity_h620,15.740250000000001,cross_sensor,4,recovery_link,0.8611111111111112,15.740250000000001,healing_growth_recovery_link
620,ph_h620,nutrients_h620,14.084333333333335,cross_sensor,4,recovery_link,0.8611111111111112,14.084333333333335,healing_growth_recovery_link
624,light_h624,light_h628,55.3,light,4,temporal,0.8666666666666667,1.56,healing_growth
624,humidity_h624,humidity_h628,59.5,humidity,4,temporal,0.8666666666666667,0.26,gentle_orbit
624,nutrients_h624,nutrients_h628,65.92,nutrients,4,temporal,0.8666666666666667,1.56,healing_growth
624,ph_h624,ph_h628,6.48,ph,4,temporal,0.8666666666666667,1.56,healing_growth
624,humidity_h624,nutrients_h624,17.1392,cross_sensor,4,recovery_link,0.8666666666666667,17.1392,healing_growth_recovery_link
624,light_h624,humidity_h624,15.469999999999999,cross_sensor,4,recovery_link,0.8666666666666667,15.469999999999999,healing_growth_recovery_link
624,ph_h624,nutrients_h624,17.1392,cross_sensor,4,recovery_link,0.8666666666666667,17.1392,healing_growth_recovery_link
628,light_h628,light_h632,55.91,light,4,temporal,0.8722222222222222,1.57,healing_growth
628,humidity_h628,humidity_h632,60.88,humidity,4,temporal,0.8722222222222222,0.26166666666666666,gentle_orbit
628,nutrients_h628,nutrients_h632,63.31,nutrients,4,temporal,0.8722222222222222,1.57,healing_growth
628,ph_h628,ph_h632,6.49,ph,4,temporal,0.8722222222222222,1.57,healing_growth
628,humidity_h628,nutrients_h628,16.566116666666666,cross_sensor,4,recovery_link,0.8722222222222222,16.566116666666666,healing_growth_recovery_link
628,light_h628,humidity_h628,15.930266666666666,cross_sensor,4,recovery_link,0.8722222222222222,15.930266666666666,healing_growth_recovery_link
628,ph_h628,nutrients_h628,16.566116666666666,cross_sensor,4,recovery_link,0.8722222222222222,16.566116666666666,healing_growth_recovery_link
632,light_h632,light_h636,54.92,light,4,temporal,0.8777777777777778,1.58,healing_growth
632,humidity_h632,humidity_h636,59.84,humidity,4,temporal,0.8777777777777778,0.2633333333333333,gentle_orbit
632,nutrients_h632,nutrients_h636,53.97,nutrients,4,temporal,0.8777777777777778,1.58,healing_growth
632,ph_h632,ph_h636,6.51,ph,4,temporal,0.8777777777777778,1.58,healing_growth
632,humidity_h632,nutrients_h632,15.757866666666668,cross_sensor,4,recovery_link,0.8777777777777778,15.757866666666668,healing_growth_recovery_link
632,light_h632,humidity_h632,15.757866666666668,cross_sensor,4,recovery_link,0.8777777777777778,15.757866666666668,healing_growth_recovery_link
632,ph_h632,nutrients_h632,14.2121,cross_sensor,4,recovery_link,0.8777777777777778,14.2121,healing_growth_recovery_link
636,light_h636,light_h640,56,light,4,temporal,0.8833333333333333,1.59,healing_growth
636,humidity_h636,humidity_h640,60.13,humidity,4,temporal,0.8833333333333333,0.26499999999999996,gentle_orbit
636,nutrients_h636,nutrients_h640,67.66,nutrients,4,temporal,0.8833333333333333,1.59,healing_growth
636,ph_h636,ph_h640,6.53,ph,4,temporal,0.8833333333333333,1.59,healing_growth
636,humidity_h636,nutrients_h636,17.929899999999996,cross_sensor,4,recovery_link,0.8833333333333333,17.929899999999996,healing_growth_recovery_link
636,light_h636,humidity_h636,15.93445,cross_sensor,4,recovery_link,0.8833333333333333,15.93445,healing_growth_recovery_link
636,ph_h636,nutrients_h636,17.929899999999996,cross_sensor,4,recovery_link,0.8833333333333333,17.929899999999996,healing_growth_recovery_link
640,light_h640,light_h644,55.18,light,4,temporal,0.8888888888888888,1.5999999999999999,healing_growth
640,humidity_h640,humidity_h644,60.99,humidity,4,temporal,0.8888888888888888,0.26666666666666666,gentle_orbit
640,nutrients_h640,nutrients_h644,58.46,nutrients,4,temporal,0.8888888888888888,1.5999999999999999,healing_growth
640,ph_h640,ph_h644,6.5,ph,4,temporal,0.8888888888888888,1.5999999999999999,healing_growth
640,humidity_h640,nutrients_h640,16.264,cross_sensor,4,recovery_link,0.8888888888888888,16.264,healing_growth_recovery_link
640,light_h640,humidity_h640,16.264,cross_sensor,4,recovery_link,0.8888888888888888,16.264,healing_growth_recovery_link
640,ph_h640,nutrients_h640,15.589333333333332,cross_sensor,4,recovery_link,0.8888888888888888,15.589333333333332,healing_growth_recovery_link
644,light_h644,light_h648,54.1,light,4,temporal,0.8944444444444445,1.61,healing_growth
644,humidity_h644,humidity_h648,61.57,humidity,4,temporal,0.8944444444444445,0.2683333333333333,gentle_orbit
644,nutrients_h644,nutrients_h648,45.45,nutrients,4,temporal,0.8944444444444445,1.61,healing_growth
644,ph_h644,ph_h648,6.52,ph,4,temporal,0.8944444444444445,1.61,healing_growth
644,humidity_h644,nutrients_h644,16.521283333333333,cross_sensor,4,recovery_link,0.8944444444444445,16.521283333333333,healing_growth_recovery_link
644,light_h644,humidity_h644,16.521283333333333,cross_sensor,4,recovery_link,0.8944444444444445,16.521283333333333,healing_growth_recovery_link
644,ph_h644,nutrients_h644,12.19575,cross_sensor,4,recovery_link,0.8944444444444445,12.19575,healing_growth_recovery_link
648,light_h648,light_h652,54.67,light,4,temporal,0.9,1.62,healing_growth
648,humidity_h648,humidity_h652,59.02,humidity,4,temporal,0.9,0.27,gentle_orbit
648,nutrients_h648,nutrients_h652,49.61,nutrients,4,temporal,0.9,1.62,healing_growth
648,ph_h648,ph_h652,6.54,ph,4,temporal,0.9,1.62,healing_growth
648,humidity_h648,nutrients_h648,15.9354,cross_sensor,4,recovery_link,0.9,15.9354,healing_growth_recovery_link
648,light_h648,humidity_h648,15.9354,cross_sensor,4,recovery_link,0.9,15.9354,healing_growth_recovery_link
648,ph_h648,nutrients_h648,13.3947,cross_sensor,4,recovery_link,0.9,13.3947,healing_growth_recovery_link
652,light_h652,light_h656,54.42,light,4,temporal,0.9055555555555556,1.6300000000000001,healing_growth
652,humidity_h652,humidity_h656,58.58,humidity,4,temporal,0.9055555555555556,0.27166666666666667,gentle_orbit
652,nutrients_h652,nutrients_h656,45.72,nutrients,4,temporal,0.9055555555555556,1.6300000000000001,healing_growth
652,ph_h652,ph_h656,6.46,ph,4,temporal,0.9055555555555556,1.6300000000000001,healing_growth
652,humidity_h652,nutrients_h652,15.914233333333332,cross_sensor,4,recovery_link,0.9055555555555556,15.914233333333332,healing_growth_recovery_link
652,light_h652,humidity_h652,15.914233333333332,cross_sensor,4,recovery_link,0.9055555555555556,15.914233333333332,healing_growth_recovery_link
652,ph_h652,nutrients_h652,12.420599999999999,cross_sensor,4,recovery_link,0.9055555555555556,12.420599999999999,healing_growth_recovery_link
656,light_h656,light_h660,55.03,light,4,temporal,0.9111111111111111,1.64,healing_growth
656,humidity_h656,humidity_h660,60.08,humidity,4,temporal,0.9111111111111111,0.2733333333333333,gentle_orbit
656,nutrients_h656,nutrients_h660,52.13,nutrients,4,temporal,0.9111111111111111,1.64,healing_growth
656,ph_h656,ph_h660,6.47,ph,4,temporal,0.9111111111111111,1.64,healing_growth
656,humidity_h656,nutrients_h656,16.421866666666663,cross_sensor,4,recovery_link,0.9111111111111111,16.421866666666663,healing_growth_recovery_link
656,light_h656,humidity_h656,16.421866666666663,cross_sensor,4,recovery_link,0.9111111111111111,16.421866666666663,healing_growth_recovery_link
656,ph_h656,nutrients_h656,14.248866666666666,cross_sensor,4,recovery_link,0.9111111111111111,14.248866666666666,healing_growth_recovery_link
660,light_h660,light_h664,55.43,light,4,temporal,0.9166666666666666,1.65,healing_growth
660,humidity_h660,humidity_h664,61.59,humidity,4,temporal,0.9166666666666666,0.27499999999999997,gentle_orbit
660,nutrients_h660,nutrients_h664,58.23,nutrients,4,temporal,0.9166666666666666,1.65,healing_growth
660,ph_h660,ph_h664,6.45,ph,4,temporal,0.9166666666666666,1.65,healing_growth
660,humidity_h660,nutrients_h660,16.93725,cross_sensor,4,recovery_link,0.9166666666666666,16.93725,healing_growth_recovery_link
660,light_h660,humidity_h660,16.93725,cross_sensor,4,recovery_link,0.9166666666666666,16.93725,healing_growth_recovery_link
660,ph_h660,nutrients_h660,16.013249999999996,cross_sensor,4,recovery_link,0.9166666666666666,16.013249999999996,healing_growth_recovery_link
664,light_h664,light_h668,54.29,light,4,temporal,0.9222222222222223,1.6600000000000001,healing_growth
664,humidity_h664,humidity_h668,58.3,humidity,4,temporal,0.9222222222222223,0.27666666666666667,gentle_orbit
664,nutrients_h664,nutrients_h668,69.13,nutrients,4,temporal,0.9222222222222223,1.6600000000000001,healing_growth
664,ph_h664,ph_h668,6.51,ph,4,temporal,0.9222222222222223,1.6600000000000001,healing_growth
664,humidity_h664,nutrients_h664,19.125966666666667,cross_sensor,4,recovery_link,0.9222222222222223,19.125966666666667,healing_growth_recovery_link
664,light_h664,humidity_h664,16.129666666666665,cross_sensor,4,recovery_link,0.9222222222222223,16.129666666666665,healing_growth_recovery_link
664,ph_h664,nutrients_h664,19.125966666666667,cross_sensor,4,recovery_link,0.9222222222222223,19.125966666666667,healing_growth_recovery_link
668,light_h668,light_h672,55.28,light,4,temporal,0.9277777777777778,1.6700000000000002,healing_growth
668,humidity_h668,humidity_h672,59.07,humidity,4,temporal,0.9277777777777778,0.2783333333333333,gentle_orbit
668,nutrients_h668,nutrients_h672,67.6,nutrients,4,temporal,0.9277777777777778,1.6700000000000002,healing_growth
668,ph_h668,ph_h672,6.53,ph,4,temporal,0.9277777777777778,1.6700000000000002,healing_growth
668,humidity_h668,nutrients_h668,18.81533333333333,cross_sensor,4,recovery_link,0.9277777777777778,18.81533333333333,healing_growth_recovery_link
668,light_h668,humidity_h668,16.44115,cross_sensor,4,recovery_link,0.9277777777777778,16.44115,healing_growth_recovery_link
668,ph_h668,nutrients_h668,18.81533333333333,cross_sensor,4,recovery_link,0.9277777777777778,18.81533333333333,healing_growth_recovery_link
672,light_h672,light_h676,47.05,light,5,temporal,0.9333333333333333,0.27999999999999997,gentle_orbit
672,humidity_h672,humidity_h676,66.45,humidity,5,temporal,0.9333333333333333,0.27999999999999997,gentle_orbit
672,nutrients_h672,nutrients_h676,24.25,nutrients,5,temporal,0.9333333333333333,0.27999999999999997,gentle_orbit
672,ph_h672,ph_h676,6.38,ph,5,temporal,0.9333333333333333,0.27999999999999997,gentle_orbit
676,light_h676,light_h680,81.58,light,5,temporal,0.9388888888888889,0.5633333333333334,cautious_circle
676,humidity_h676,humidity_h680,68.25,humidity,5,temporal,0.9388888888888889,0.2816666666666667,gentle_orbit
676,nutrients_h676,nutrients_h680,27.13,nutrients,5,temporal,0.9388888888888889,0.2816666666666667,gentle_orbit
676,ph_h676,ph_h680,6.63,ph,5,temporal,0.9388888888888889,0.2816666666666667,gentle_orbit
680,light_h680,light_h684,80.34,light,5,temporal,0.9444444444444444,0.5666666666666667,cautious_circle
680,humidity_h680,humidity_h684,59.77,humidity,5,temporal,0.9444444444444444,0.2833333333333333,gentle_orbit
680,nutrients_h680,nutrients_h684,27.2,nutrients,5,temporal,0.9444444444444444,0.2833333333333333,gentle_orbit
680,ph_h680,ph_h684,6.64,ph,5,temporal,0.9444444444444444,0.2833333333333333,gentle_orbit
684,light_h684,light_h688,55.68,light,5,temporal,0.95,0.285,gentle_orbit
684,humidity_h684,humidity_h688,43.23,humidity,5,temporal,0.95,0.57,cautious_circle
684,nutrients_h684,nutrients_h688,23.48,nutrients,5,temporal,0.95,0.285,gentle_orbit
684,ph_h684,ph_h688,6.24,ph,5,temporal,0.95,0.285,gentle_orbit
688,light_h688,light_h692,29.06,light,5,temporal,0.9555555555555556,0.5733333333333334,cautious_circle
688,humidity_h688,humidity_h692,54.03,humidity,5,temporal,0.9555555555555556,0.2866666666666667,gentle_orbit
688,nutrients_h688,nutrients_h692,27.71,nutrients,5,temporal,0.9555555555555556,0.2866666666666667,gentle_orbit
688,ph_h688,ph_h692,6.51,ph,5,temporal,0.9555555555555556,0.2866666666666667,gentle_orbit
692,light_h692,light_h696,35.08,light,5,temporal,0.9611111111111111,0.5766666666666667,cautious_circle
692,humidity_h692,humidity_h696,68.91,humidity,5,temporal,0.9611111111111111,0.28833333333333333,gentle_orbit
692,nutrients_h692,nutrients_h696,24.06,nutrients,5,temporal,0.9611111111111111,0.28833333333333333,gentle_orbit
692,ph_h692,ph_h696,6.21,ph,5,temporal,0.9611111111111111,0.28833333333333333,gentle_orbit
696,light_h696,light_h700,51.42,light,5,temporal,0.9666666666666667,0.29,gentle_orbit
696,humidity_h696,humidity_h700,74.19,humidity,5,temporal,0.9666666666666667,0.58,cautious_circle
696,nutrients_h696,nutrients_h700,24.86,nutrients,5,temporal,0.9666666666666667,0.29,gentle_orbit
696,ph_h696,ph_h700,6.32,ph,5,temporal,0.9666666666666667,0.29,gentle_orbit
700,light_h700,light_h704,70.11,light,5,temporal,0.9722222222222222,0.5833333333333333,cautious_circle
700,humidity_h700,humidity_h704,61.92,humidity,5,temporal,0.9722222222222222,0.29166666666666663,gentle_orbit
700,nutrients_h700,nutrients_h704,26.86,nutrients,5,temporal,0.9722222222222222,0.29166666666666663,gentle_orbit
700,ph_h700,ph_h704,6.62,ph,5,temporal,0.9722222222222222,0.29166666666666663,gentle_orbit
704,light_h704,light_h708,84.31,light,5,temporal,0.9777777777777777,0.5866666666666667,cautious_circle
704,humidity_h704,humidity_h708,48.63,humidity,5,temporal,0.9777777777777777,0.5866666666666667,cautious_circle
704,nutrients_h704,nutrients_h708,24.16,nutrients,5,temporal,0.9777777777777777,0.29333333333333333,gentle_orbit
704,ph_h704,ph_h708,6.68,ph,5,temporal,0.9777777777777777,0.29333333333333333,gentle_orbit
708,light_h708,light_h712,47.33,light,5,temporal,0.9833333333333333,0.295,gentle_orbit
708,humidity_h708,humidity_h712,47.72,humidity,5,temporal,0.9833333333333333,0.59,cautious_circle
708,nutrients_h708,nutrients_h712,25.28,nutrients,5,temporal,0.9833333333333333,0.295,gentle_orbit
708,ph_h708,ph_h712,6.61,ph,5,temporal,0.9833333333333333,0.295,gentle_orbit
712,light_h712,light_h716,33.48,light,5,temporal,0.9888888888888889,0.5933333333333334,cautious_circle
712,humidity_h712,humidity_h716,59.88,humidity,5,temporal,0.9888888888888889,0.2966666666666667,gentle_orbit
712,nutrients_h712,nutrients_h716,22.12,nutrients,5,temporal,0.9888888888888889,0.2966666666666667,gentle_orbit
712,ph_h712,ph_h716,6.26,ph,5,temporal,0.9888888888888889,0.2966666666666667,gentle_orbit
